date,children_apprehended_cbp,children_in_cbp_custody,children_transferred_out_cbp,children_in_hhs_care,children_discharged_hhs,total_system_load,net_intake_pressure,care_load_growth_rate,net_intake_7day_avg,net_intake_14day_avg,system_load_7day_avg,system_load_14day_avg,backlog_indicator,capacity_pressure,total_children_under_care,net_intake_kpi,care_load_volatility_index,backlog_accumulation_rate,discharge_offset_ratio,discharge_offset_percent,capacity_stress_flag,capacity_relief_flag,discharge_offset_ratio_clean,high_capacity_stress,capacity_relief,load_level,high_load_flag,high_load_group,year
2023-01-12,33,53,34,6566,436,6619,-402,,-402.0,-402.0,6619.0,6619.0,False,Relief,6619,-402,,-402.0,12.823529411764707,1282.3529411764707,False,False,1282.3529411764707,False,False,Normal,False,1,2023
2023-01-22,32,49,39,7122,227,7171,-188,8.339628342649942,-295.0,-295.0,6895.0,6895.0,False,Relief,7171,-188,8.339628342649942,-295.0,5.82051282051282,582.051282051282,False,False,582.051282051282,False,False,Normal,False,1,2023
2023-01-23,32,50,39,7280,181,7330,-142,2.2172639799191263,-244.0,-244.0,7040.0,7040.0,False,Relief,7330,-142,2.2172639799191263,-244.0,4.641025641025641,464.10256410256414,False,False,464.10256410256414,False,False,Normal,False,1,2023
2023-01-24,47,42,47,7433,175,7475,-128,1.9781718963165051,-215.0,-215.0,7148.75,7148.75,False,Relief,7475,-128,1.9781718963165051,-215.0,3.723404255319149,372.3404255319149,False,False,372.3404255319149,False,False,Normal,False,1,2023
2023-01-25,20,22,41,7538,180,7560,-139,1.1371237458194017,-199.8,-199.8,7231.0,7231.0,False,Relief,7560,-139,1.1371237458194017,-199.8,4.390243902439025,439.0243902439025,False,False,439.0243902439025,False,False,Normal,False,1,2023
2023-01-29,23,45,11,7472,303,7517,-292,-0.5687830687830742,-215.16666666666666,-215.16666666666666,7278.666666666667,7278.666666666667,False,Relief,7517,-292,0.5687830687830742,-215.16666666666666,27.545454545454547,2754.5454545454545,False,False,,False,False,Normal,False,1,2023
2023-01-30,34,54,29,7743,196,7797,-167,3.7248902487694524,-208.28571428571428,-208.28571428571428,7352.714285714285,7352.714285714285,False,Relief,7797,-167,3.7248902487694524,-208.28571428571428,6.758620689655173,675.8620689655172,False,False,675.8620689655172,False,False,Normal,False,1,2023
2023-01-31,26,36,36,7803,158,7839,-122,0.538668718737978,-168.28571428571428,-197.5,7527.0,7413.5,False,Relief,7839,-122,0.538668718737978,-168.28571428571428,4.388888888888889,438.8888888888889,False,False,438.8888888888889,False,False,Normal,False,1,2023
2023-02-01,25,32,27,7903,231,7935,-204,1.2246460007653948,-170.57142857142858,-198.22222222222223,7636.142857142857,7471.444444444444,False,Relief,7935,-204,1.2246460007653948,-170.57142857142858,8.555555555555555,855.5555555555555,False,False,855.5555555555555,False,False,Normal,False,1,2023
2023-02-02,15,13,23,7879,298,7892,-275,-0.5419029615627013,-189.57142857142858,-205.9,7716.428571428572,7513.5,False,Relief,7892,-275,0.5419029615627013,-189.57142857142858,12.956521739130435,1295.6521739130435,False,False,1295.6521739130435,False,False,Normal,False,1,2023
2023-02-05,16,18,15,7586,342,7604,-327,-3.6492650785605707,-218.0,-216.9090909090909,7734.857142857143,7521.727272727273,False,Relief,7604,-327,3.6492650785605707,-218.0,22.8,2280.0,False,False,,False,False,Normal,False,1,2023
2023-02-06,11,22,12,7720,196,7742,-184,1.8148342977380327,-224.42857142857142,-214.16666666666666,7760.857142857143,7540.083333333333,False,Relief,7742,-184,1.8148342977380327,-224.42857142857142,16.333333333333332,1633.3333333333333,False,False,,False,False,Normal,False,1,2023
2023-02-07,16,20,20,7855,200,7875,-180,1.7179023508137492,-208.42857142857142,-211.53846153846155,7812.0,7565.846153846154,False,Relief,7875,-180,1.7179023508137492,-208.42857142857142,10.0,1000.0,False,False,1000.0,False,False,Normal,False,1,2023
2023-02-08,93,196,169,7915,317,8111,-148,2.9968253968253977,-205.71428571428572,-207.0,7856.857142857143,7604.785714285715,False,Relief,8111,-148,2.9968253968253977,-205.71428571428572,1.8757396449704142,187.57396449704143,False,False,187.57396449704143,False,False,Normal,False,1,2023
2023-02-09,124,234,161,7908,353,8142,-192,0.3821970163974786,-215.71428571428572,-192.0,7900.142857142857,7713.571428571428,False,Relief,8142,-192,0.3821970163974786,-215.71428571428572,2.1925465838509317,219.25465838509317,False,False,219.25465838509317,False,False,Normal,False,1,2023
2023-02-12,92,203,173,7434,317,7637,-144,-6.202407270940801,-207.14285714285714,-188.85714285714286,7857.571428571428,7746.857142857143,False,Relief,7637,-144,6.202407270940801,-207.14285714285714,1.8323699421965318,183.23699421965318,False,False,183.23699421965318,False,False,Normal,False,1,2023
2023-02-13,186,259,172,7483,244,7742,-72,1.3748854262144894,-178.14285714285714,-183.85714285714286,7836.142857142857,7776.285714285715,False,Relief,7742,-72,1.3748854262144894,-178.14285714285714,1.4186046511627908,141.86046511627907,False,False,141.86046511627907,False,False,Normal,False,1,2023
2023-02-14,154,225,220,7794,223,8019,-3,3.577886850942913,-131.85714285714286,-174.92857142857142,7895.428571428572,7815.142857142857,False,Relief,8019,-3,3.577886850942913,-131.85714285714286,1.0136363636363637,101.36363636363637,False,False,101.36363636363637,False,False,Normal,False,1,2023
2023-02-15,91,199,172,7869,290,8068,-118,0.6110487591969083,-122.42857142857143,-173.42857142857142,7942.0,7851.428571428572,False,Relief,8068,-118,0.6110487591969083,-122.42857142857143,1.686046511627907,168.6046511627907,False,False,168.6046511627907,False,False,Normal,False,1,2023
2023-02-16,81,213,153,7793,361,8006,-208,-0.7684680218145723,-126.42857142857143,-167.42857142857142,7960.714285714285,7886.357142857143,False,Relief,8006,-208,0.7684680218145723,-126.42857142857143,2.3594771241830066,235.94771241830065,False,False,235.94771241830065,False,False,Normal,False,1,2023
2023-02-20,209,285,184,7817,209,8102,-25,1.1991006744941357,-108.85714285714286,-157.28571428571428,7959.428571428572,7908.142857142857,False,Relief,8102,-25,1.1991006744941357,-108.85714285714286,1.1358695652173914,113.58695652173914,False,False,113.58695652173914,False,False,Normal,False,1,2023
2023-02-21,184,314,217,7967,213,8281,4,2.209331029375461,-80.85714285714286,-148.28571428571428,7979.285714285715,7939.714285714285,False,Relief,8281,4,2.209331029375461,-80.85714285714286,0.9815668202764977,98.15668202764977,False,False,98.15668202764977,False,False,Elevated,False,1,2023
2023-02-22,107,215,230,7978,232,8193,-2,-1.0626735901461126,-60.57142857142857,-133.85714285714286,8058.714285714285,7958.142857142857,False,Relief,8193,-2,1.0626735901461126,-60.57142857142857,1.008695652173913,100.8695652173913,False,False,100.8695652173913,False,False,Normal,False,1,2023
2023-02-23,101,162,178,7914,386,8076,-208,-1.42804833394361,-80.0,-129.07142857142858,8106.428571428572,7971.285714285715,False,Relief,8076,-208,1.42804833394361,-80.0,2.168539325842697,216.85393258426967,False,False,216.85393258426967,False,False,Normal,False,1,2023
2023-02-26,99,190,176,7609,323,7799,-147,-3.42991579990094,-100.57142857142857,-116.21428571428571,8075.0,7985.214285714285,False,Relief,7799,-147,3.42991579990094,-100.57142857142857,1.8352272727272727,183.52272727272728,False,False,183.52272727272728,False,False,Normal,False,1,2023
2023-02-27,167,239,166,7800,248,8039,-82,3.077317604821128,-95.42857142857143,-108.92857142857143,8070.857142857143,8006.428571428572,False,Relief,8039,-82,3.077317604821128,-95.42857142857143,1.4939759036144578,149.39759036144576,False,False,149.39759036144576,False,False,Normal,False,1,2023
2023-02-28,115,216,169,7896,200,8112,-31,0.9080731434258027,-70.14285714285714,-98.28571428571429,8086.0,8023.357142857143,False,Relief,8112,-31,0.9080731434258027,-70.14285714285714,1.183431952662722,118.34319526627219,False,False,118.34319526627219,False,False,Normal,False,1,2023
2023-03-01,84,158,193,7930,307,8088,-114,-0.295857988165682,-82.85714285714286,-95.85714285714286,8084.0,8021.714285714285,False,Relief,8088,-114,0.295857988165682,-82.85714285714286,1.5906735751295338,159.06735751295338,False,False,159.06735751295338,False,False,Normal,False,1,2023
2023-03-02,130,227,192,7870,335,8097,-143,0.1112759643916883,-103.85714285714286,-92.35714285714286,8057.714285714285,8018.5,False,Relief,8097,-143,0.1112759643916883,-103.85714285714286,1.7447916666666667,174.47916666666669,False,False,174.47916666666669,False,False,Normal,False,1,2023
2023-03-07,88,214,160,7859,259,8073,-99,-0.2964060763245624,-117.71428571428571,-89.14285714285714,8040.571428571428,8049.642857142857,False,Relief,8073,-99,0.2964060763245624,-117.71428571428571,1.61875,161.875,False,False,161.875,False,False,Normal,False,1,2023
2023-03-08,113,208,159,7885,291,8093,-132,0.24773937817414993,-106.85714285714286,-93.42857142857143,8043.0,8074.714285714285,False,Relief,8093,-132,0.24773937817414993,-106.85714285714286,1.830188679245283,183.0188679245283,False,False,183.0188679245283,False,False,Normal,False,1,2023
2023-03-09,174,285,150,7786,340,8071,-190,-0.27183986160880247,-113.0,-106.78571428571429,8081.857142857143,8078.428571428572,False,Relief,8071,-190,0.27183986160880247,-113.0,2.2666666666666666,226.66666666666666,False,False,226.66666666666666,False,False,Normal,False,1,2023
2023-03-13,104,230,206,7567,249,7797,-43,-3.3948705240986254,-107.42857142857143,-101.42857142857143,8047.285714285715,8059.071428571428,False,Relief,7797,-43,3.3948705240986254,-107.42857142857143,1.2087378640776698,120.87378640776699,False,False,120.87378640776699,False,False,Normal,False,1,2023
2023-03-14,147,276,214,7810,181,8086,33,3.70655380274465,-98.28571428571429,-84.21428571428571,8043.571428571428,8064.785714285715,False,Relief,8086,33,3.70655380274465,-98.28571428571429,0.8457943925233645,84.57943925233646,False,False,84.57943925233646,False,False,Normal,False,1,2023
2023-03-15,108,220,213,7915,286,8135,-73,0.6059856542171671,-92.42857142857143,-87.64285714285714,8050.285714285715,8067.142857142857,False,Relief,8135,-73,0.6059856542171671,-92.42857142857143,1.3427230046948357,134.27230046948358,False,False,134.27230046948358,False,False,Normal,False,1,2023
2023-03-16,180,280,146,7989,308,8269,-162,1.647203441917644,-95.14285714285714,-99.5,8074.857142857143,8066.285714285715,False,Relief,8269,-162,1.647203441917644,-95.14285714285714,2.1095890410958904,210.95890410958904,False,False,210.95890410958904,False,False,Elevated,False,1,2023
2023-03-19,134,294,186,7885,306,8179,-120,-1.0884024670455905,-98.14285714285714,-107.92857142857143,8090.0,8065.285714285715,False,Relief,8179,-120,1.0884024670455905,-98.14285714285714,1.6451612903225807,164.51612903225808,False,False,164.51612903225808,False,False,Normal,False,1,2023
2023-03-20,202,313,158,7931,279,8244,-121,0.7947181807066883,-96.57142857142857,-101.71428571428571,8111.571428571428,8077.285714285715,False,Relief,8244,-121,0.7947181807066883,-96.57142857142857,1.7658227848101267,176.58227848101268,False,False,176.58227848101268,False,False,Normal,False,1,2023
2023-03-21,110,272,193,8050,221,8322,-28,0.9461426491994107,-73.42857142857143,-93.21428571428571,8147.428571428572,8114.642857142857,False,Relief,8322,-28,0.9461426491994107,-73.42857142857143,1.145077720207254,114.5077720207254,False,False,114.5077720207254,False,False,Elevated,False,1,2023
2023-03-22,166,277,229,8097,246,8374,-17,0.6248497957221932,-69.71428571428571,-88.57142857142857,8229.857142857143,8138.571428571428,False,Relief,8374,-17,0.6248497957221932,-69.71428571428571,1.074235807860262,107.4235807860262,False,False,107.4235807860262,False,False,Elevated,False,1,2023
2023-03-23,136,276,178,8102,331,8378,-153,0.04776689754000252,-96.28571428571429,-97.28571428571429,8271.57142857143,8157.571428571428,False,Relief,8378,-153,0.04776689754000252,-96.28571428571429,1.8595505617977528,185.95505617977528,False,False,185.95505617977528,False,False,Elevated,False,1,2023
2023-03-26,87,246,173,7847,352,8093,-179,-3.4017665313917367,-111.42857142857143,-101.92857142857143,8265.57142857143,8157.928571428572,False,Relief,8093,-179,3.4017665313917367,-111.42857142857143,2.0346820809248554,203.46820809248553,False,False,203.46820809248553,False,False,Normal,False,1,2023
2023-03-27,84,171,157,7994,235,8165,-78,0.8896577289015273,-99.42857142857143,-97.28571428571429,8250.714285714286,8162.785714285715,False,Relief,8165,-78,0.8896577289015273,-99.42857142857143,1.4968152866242037,149.68152866242036,False,False,149.68152866242036,False,False,Normal,False,1,2023
2023-03-28,167,209,157,8079,223,8288,-66,1.5064298836497292,-91.71428571428571,-94.92857142857143,8266.285714285714,8178.142857142857,False,Relief,8288,-66,1.5064298836497292,-91.71428571428571,1.4203821656050954,142.03821656050954,False,False,142.03821656050954,False,False,Elevated,False,1,2023
2023-03-29,109,245,159,8208,267,8453,-108,1.9908301158301223,-89.85714285714286,-93.21428571428571,8296.142857142857,8203.857142857143,False,Relief,8453,-108,1.9908301158301223,-89.85714285714286,1.679245283018868,167.9245283018868,False,False,167.9245283018868,False,False,Elevated,False,1,2023
2023-03-30,156,256,176,8158,359,8414,-183,-0.4613746598840618,-112.0,-92.71428571428571,8309.285714285714,8228.357142857143,False,Relief,8414,-183,0.4613746598840618,-112.0,2.039772727272727,203.97727272727272,False,False,203.97727272727272,False,False,Elevated,False,1,2023
2023-04-02,125,232,192,7981,304,8213,-112,-2.388875683384839,-125.57142857142857,-97.64285714285714,8286.285714285714,8258.07142857143,False,Relief,8213,-112,2.388875683384839,-125.57142857142857,1.5833333333333333,158.33333333333331,False,False,158.33333333333331,False,False,Normal,False,1,2023
2023-04-03,118,139,168,8054,284,8193,-116,-0.24351637647631597,-120.28571428571429,-108.28571428571429,8259.857142857143,8265.714285714286,False,Relief,8193,-116,0.24351637647631597,-120.28571428571429,1.6904761904761905,169.04761904761904,False,False,169.04761904761904,False,False,Normal,False,1,2023
2023-04-04,142,235,139,8068,259,8303,-120,1.3426095447333086,-111.85714285714286,-111.64285714285714,8289.857142857143,8277.714285714286,False,Relief,8303,-120,1.3426095447333086,-111.85714285714286,1.8633093525179856,186.33093525179856,False,False,186.33093525179856,False,False,Elevated,False,1,2023
2023-04-05,148,245,175,8175,260,8420,-85,1.4091292303986425,-112.85714285714286,-106.14285714285714,8326.285714285714,8288.5,False,Relief,8420,-85,1.4091292303986425,-112.85714285714286,1.4857142857142858,148.57142857142858,False,False,148.57142857142858,False,False,Elevated,False,1,2023
2023-04-06,119,219,210,8178,284,8397,-74,-0.2731591448931092,-114.0,-102.85714285714286,8341.857142857143,8304.07142857143,False,Relief,8397,-74,0.2731591448931092,-114.0,1.3523809523809525,135.23809523809524,False,False,135.23809523809524,False,False,Elevated,False,1,2023
2023-04-09,105,210,149,7900,329,8110,-180,-3.4178873407169186,-124.28571428571429,-107.07142857142857,8292.857142857143,8294.5,False,Relief,8110,-180,3.4178873407169186,-124.28571428571429,2.208053691275168,220.80536912751677,False,False,220.80536912751677,False,False,Normal,False,1,2023
2023-04-10,143,203,163,7826,265,8029,-102,-0.998766954377317,-112.71428571428571,-112.35714285714286,8237.857142857143,8273.57142857143,False,Relief,8029,-102,0.998766954377317,-112.71428571428571,1.6257668711656441,162.57668711656441,False,False,162.57668711656441,False,False,Normal,False,1,2023
2023-04-11,119,209,152,7922,187,8131,-35,1.2703948187819059,-101.71428571428571,-113.64285714285714,8226.142857142857,8256.214285714286,False,Relief,8131,-35,1.2703948187819059,-101.71428571428571,1.230263157894737,123.0263157894737,False,False,123.0263157894737,False,False,Normal,False,1,2023
2023-04-12,155,212,181,7876,283,8088,-102,-0.5288402410527637,-99.71428571428571,-110.0,8211.142857142857,8235.5,False,Relief,8088,-102,0.5288402410527637,-99.71428571428571,1.5635359116022098,156.353591160221,False,False,156.353591160221,False,False,Normal,False,1,2023
2023-04-13,109,214,173,7795,370,8009,-197,-0.97675568743818,-110.71428571428571,-111.28571428571429,8169.142857142857,8229.5,False,Relief,8009,-197,0.97675568743818,-110.71428571428571,2.138728323699422,213.8728323699422,False,False,213.8728323699422,False,False,Normal,False,1,2023
2023-04-16,191,283,192,7380,272,7663,-80,-4.320139842676984,-110.0,-111.42857142857143,8061.0,8193.642857142857,False,Relief,7663,-80,4.320139842676984,-110.0,1.4166666666666667,141.66666666666669,False,False,141.66666666666669,False,False,Normal,False,1,2023
2023-04-17,170,297,196,7344,248,7641,-52,-0.2870938274827095,-106.85714285714286,-110.42857142857143,7953.0,8147.428571428572,False,Relief,7641,-52,0.2870938274827095,-106.85714285714286,1.2653061224489797,126.53061224489797,False,False,126.53061224489797,False,False,Normal,False,1,2023
2023-04-18,152,272,214,7376,234,7648,-20,0.0916110456746555,-84.0,-104.14285714285714,7887.0,8089.928571428572,False,Relief,7648,-20,0.0916110456746555,-84.0,1.0934579439252337,109.34579439252336,False,False,109.34579439252336,False,False,Normal,False,1,2023
2023-04-19,239,367,224,7356,229,7723,-5,0.9806485355648542,-70.14285714285714,-91.42857142857143,7843.285714285715,8040.571428571428,False,Relief,7723,-5,0.9806485355648542,-70.14285714285714,1.0223214285714286,102.23214285714286,False,False,102.23214285714286,False,False,Normal,False,1,2023
2023-04-20,113,280,237,7490,320,7770,-83,0.6085717985238936,-77.0,-89.35714285714286,7791.714285714285,8008.928571428572,False,Relief,7770,-83,0.6085717985238936,-77.0,1.350210970464135,135.0210970464135,False,False,135.0210970464135,False,False,Normal,False,1,2023
2023-04-23,196,306,187,7534,266,7840,-79,0.9009009009008917,-73.71428571428571,-86.71428571428571,7756.285714285715,7983.714285714285,False,Relief,7840,-79,0.9009009009008917,-73.71428571428571,1.4224598930481283,142.24598930481284,False,False,142.24598930481284,False,False,Normal,False,1,2023
2023-04-24,236,330,222,7796,213,8126,9,3.647959183673466,-44.285714285714285,-77.5,7773.0,7971.071428571428,False,Relief,8126,9,3.647959183673466,-44.285714285714285,0.9594594594594594,95.94594594594594,False,False,95.94594594594594,False,False,Normal,False,1,2023
2023-04-25,81,230,242,8017,202,8247,40,1.4890475018459304,-27.142857142857142,-68.57142857142857,7856.428571428572,7958.714285714285,False,Relief,8247,40,1.4890475018459304,-27.142857142857142,0.8347107438016529,83.47107438016529,False,False,83.47107438016529,False,False,Normal,False,1,2023
2023-04-26,118,245,160,8117,256,8362,-96,1.3944464653813604,-33.42857142857143,-70.14285714285714,7959.428571428572,7956.214285714285,False,Relief,8362,-96,1.3944464653813604,-33.42857142857143,1.6,160.0,False,False,160.0,False,False,Elevated,False,1,2023
2023-04-27,218,283,208,8159,310,8442,-102,0.9567089213107005,-45.142857142857146,-64.57142857142857,8072.857142857143,7979.928571428572,False,Relief,8442,-102,0.9567089213107005,-45.142857142857146,1.4903846153846154,149.03846153846155,False,False,149.03846153846155,False,False,Elevated,False,1,2023
2023-04-30,132,243,183,8352,293,8595,-110,1.8123667377398789,-60.142857142857146,-65.14285714285714,8197.42857142857,8020.357142857143,False,Relief,8595,-110,1.8123667377398789,-60.142857142857146,1.6010928961748634,160.10928961748633,False,False,160.10928961748633,False,False,Elevated,False,1,2023
2023-05-01,224,315,152,8492,237,8807,-85,2.4665503199534644,-60.42857142857143,-68.71428571428571,8345.57142857143,8068.642857142857,False,Relief,8807,-85,2.4665503199534644,-60.42857142857143,1.5592105263157894,155.92105263157893,False,False,155.92105263157893,False,False,Elevated,False,1,2023
2023-05-02,167,326,213,8654,245,8980,-32,1.964346542522999,-53.714285714285715,-63.714285714285715,8508.42857142857,8132.357142857143,False,Relief,8980,-32,1.964346542522999,-53.714285714285715,1.1502347417840375,115.02347417840375,False,False,115.02347417840375,False,False,Elevated,False,1,2023
2023-05-03,209,353,232,8704,267,9057,-35,0.8574610244988845,-60.0,-52.142857142857146,8641.42857142857,8207.214285714286,False,Relief,9057,-35,0.8574610244988845,-60.0,1.1508620689655173,115.08620689655173,False,False,115.08620689655173,False,False,Elevated,False,1,2023
2023-05-04,153,253,286,8790,332,9043,-46,-0.15457657060836683,-72.28571428571429,-49.714285714285715,8755.142857142857,8305.785714285714,False,Relief,9043,-46,0.15457657060836683,-72.28571428571429,1.1608391608391608,116.08391608391608,False,False,116.08391608391608,False,False,Elevated,False,1,2023
2023-05-07,180,337,219,8485,375,8822,-156,-2.4438792436138446,-80.85714285714286,-57.142857142857146,8820.857142857143,8390.142857142857,False,Relief,8822,-156,2.4438792436138446,-80.85714285714286,1.7123287671232876,171.23287671232876,False,False,171.23287671232876,False,False,Elevated,False,1,2023
2023-05-08,133,287,189,8590,261,8877,-72,0.6234413965087171,-76.57142857142857,-60.857142857142854,8883.0,8477.92857142857,False,Relief,8877,-72,0.6234413965087171,-76.57142857142857,1.380952380952381,138.0952380952381,False,False,138.0952380952381,False,False,Elevated,False,1,2023
2023-05-09,187,310,247,8606,250,8916,-3,0.4393376140588101,-61.285714285714285,-60.714285714285715,8928.857142857143,8563.142857142857,False,Relief,8916,-3,0.4393376140588101,-61.285714285714285,1.0121457489878543,101.21457489878543,False,False,101.21457489878543,False,False,Elevated,False,1,2023
2023-05-10,168,285,210,8681,304,8966,-94,0.56078959174517,-62.57142857142857,-61.5,8951.57142857143,8648.57142857143,False,Relief,8966,-94,0.56078959174517,-62.57142857142857,1.4476190476190476,144.76190476190476,False,False,144.76190476190476,False,False,Elevated,False,1,2023
2023-05-11,269,412,204,8672,392,9084,-188,1.3160829801472262,-84.85714285714286,-69.28571428571429,8966.42857142857,8737.42857142857,False,Relief,9084,-188,1.3160829801472262,-84.85714285714286,1.9215686274509804,192.15686274509804,False,False,192.15686274509804,False,False,Elevated,False,1,2023
2023-05-14,100,255,236,8445,288,8700,-52,-4.227212681638049,-87.28571428571429,-73.64285714285714,8915.42857142857,8778.42857142857,False,Relief,8700,-52,4.227212681638049,-87.28571428571429,1.2203389830508475,122.03389830508475,False,False,122.03389830508475,False,False,Elevated,False,1,2023
2023-05-15,205,294,177,8571,277,8865,-100,1.8965517241379404,-95.0,-83.64285714285714,8890.0,8822.57142857143,False,Relief,8865,-100,1.8965517241379404,-95.0,1.5649717514124293,156.49717514124293,False,False,156.49717514124293,False,False,Elevated,False,1,2023
2023-05-16,161,304,211,8572,272,8876,-61,0.12408347433727762,-81.42857142857143,-81.14285714285714,8897.714285714286,8859.285714285714,False,Relief,8876,-61,0.12408347433727762,-81.42857142857143,1.2890995260663507,128.90995260663507,False,False,128.90995260663507,False,False,Elevated,False,1,2023
2023-05-17,57,162,193,8569,307,8731,-114,-1.6336187471834185,-87.42857142857143,-82.0,8876.857142857143,8879.92857142857,False,Relief,8731,-114,1.6336187471834185,-87.42857142857143,1.5906735751295338,159.06735751295338,False,False,159.06735751295338,False,False,Elevated,False,1,2023
2023-05-18,80,122,152,8474,351,8596,-199,-1.5462146374985664,-115.42857142857143,-88.35714285714286,8831.142857142857,8880.0,False,Relief,8596,-199,1.5462146374985664,-115.42857142857143,2.3092105263157894,230.92105263157893,False,False,230.92105263157893,False,False,Elevated,False,1,2023
2023-05-21,107,170,133,7826,343,7996,-210,-6.979990693345739,-132.0,-97.28571428571429,8692.57142857143,8822.07142857143,False,Relief,7996,-210,6.979990693345739,-132.0,2.5789473684210527,257.89473684210526,False,False,257.89473684210526,False,False,Normal,False,1,2023
2023-05-22,99,156,139,7848,240,8004,-101,0.10005002501249916,-119.57142857142857,-102.21428571428571,8538.285714285714,8752.357142857143,False,Relief,8004,-101,0.10005002501249916,-119.57142857142857,1.7266187050359711,172.66187050359713,False,False,172.66187050359713,False,False,Normal,False,1,2023
2023-05-23,25,66,94,7788,246,7854,-152,-1.874062968515744,-133.85714285714286,-110.57142857142857,8417.42857142857,8666.42857142857,False,Relief,7854,-152,1.874062968515744,-133.85714285714286,2.617021276595745,261.7021276595745,False,False,261.7021276595745,False,False,Normal,False,1,2023
2023-05-24,35,70,53,7709,276,7779,-223,-0.9549274255156615,-151.42857142857142,-123.21428571428571,8262.285714285714,8576.142857142857,False,Relief,7779,-223,0.9549274255156615,-151.42857142857142,5.2075471698113205,520.7547169811321,False,False,520.7547169811321,False,False,Normal,False,1,2023
2023-05-25,43,73,64,7546,408,7619,-344,-2.056819642627583,-191.85714285714286,-136.64285714285714,8082.714285714285,8490.214285714286,False,Relief,7619,-344,2.056819642627583,-191.85714285714286,6.375,637.5,False,False,637.5,False,False,Normal,False,1,2023
2023-05-29,41,60,71,6996,207,7056,-136,-7.389421183882394,-195.0,-141.21428571428572,7843.428571428572,8360.142857142857,False,Relief,7056,-136,7.389421183882394,-195.0,2.915492957746479,291.5492957746479,False,False,291.5492957746479,False,False,Normal,False,1,2023
2023-05-30,65,83,65,7046,168,7129,-103,1.0345804988662222,-181.28571428571428,-148.35714285714286,7633.857142857143,8232.5,False,Relief,7129,-103,1.0345804988662222,-181.28571428571428,2.5846153846153848,258.46153846153845,False,False,258.46153846153845,False,False,Normal,False,1,2023
2023-05-31,38,80,82,7053,210,7133,-128,0.05610885117126596,-169.57142857142858,-150.78571428571428,7510.571428571428,8101.571428571428,False,Relief,7133,-128,0.05610885117126596,-169.57142857142858,2.5609756097560976,256.0975609756098,False,False,256.0975609756098,False,False,Normal,False,1,2023
2023-06-01,56,82,68,7002,287,7084,-219,-0.6869479882237517,-186.42857142857142,-153.0,7379.142857142857,7958.714285714285,False,Relief,7084,-219,0.6869479882237517,-186.42857142857142,4.220588235294118,422.05882352941177,False,False,422.05882352941177,False,False,Normal,False,1,2023
2023-06-04,74,103,80,6555,292,6658,-212,-6.013551665725581,-195.0,-164.42857142857142,7208.285714285715,7812.857142857143,False,Relief,6658,-212,6.013551665725581,-195.0,3.65,365.0,False,False,365.0,False,False,Normal,False,1,2023
2023-06-05,68,107,102,6523,189,6630,-87,-0.4205467107239458,-175.57142857142858,-163.5,7044.142857142857,7653.214285714285,False,Relief,6630,-87,0.4205467107239458,-175.57142857142858,1.8529411764705883,185.29411764705884,False,False,185.29411764705884,False,False,Normal,False,1,2023
2023-06-06,92,124,93,6508,187,6632,-94,0.030165912518853588,-139.85714285714286,-165.85714285714286,6903.142857142857,7492.928571428572,False,Relief,6632,-94,0.030165912518853588,-139.85714285714286,2.010752688172043,201.0752688172043,False,False,201.0752688172043,False,False,Normal,False,1,2023
2023-06-07,113,162,107,6483,208,6645,-101,0.19601930036188264,-134.85714285714286,-164.92857142857142,6844.428571428572,7343.928571428572,False,Relief,6645,-101,0.19601930036188264,-134.85714285714286,1.9439252336448598,194.39252336448598,False,False,194.39252336448598,False,False,Normal,False,1,2023
2023-06-08,106,196,131,6446,255,6642,-124,-0.04514672686229959,-137.85714285714286,-159.57142857142858,6774.857142857143,7204.357142857143,False,Relief,6642,-124,0.04514672686229959,-137.85714285714286,1.9465648854961832,194.65648854961833,False,False,194.65648854961833,False,False,Normal,False,1,2023
2023-06-11,86,152,168,6007,238,6159,-70,-7.271906052393861,-129.57142857142858,-149.57142857142858,6635.714285714285,7073.142857142857,False,Relief,6159,-70,7.271906052393861,-129.57142857142858,1.4166666666666667,141.66666666666669,False,False,141.66666666666669,False,False,Normal,False,1,2023
2023-06-12,84,118,136,6021,177,6139,-41,-0.32472804026627555,-104.14285714285714,-145.28571428571428,6500.714285714285,6939.928571428572,False,Relief,6139,-41,0.32472804026627555,-104.14285714285714,1.3014705882352942,130.14705882352942,False,False,130.14705882352942,False,False,Normal,False,1,2023
2023-06-13,59,64,117,6061,146,6125,-29,-0.22805017103763037,-78.0,-136.5,6424.571428571428,6816.428571428572,False,Relief,6125,-29,0.22805017103763037,-78.0,1.2478632478632479,124.78632478632478,False,False,124.78632478632478,False,False,Normal,False,1,2023
2023-06-14,62,97,52,6065,167,6162,-115,0.604081632653064,-82.0,-128.78571428571428,6357.714285714285,6700.928571428572,False,Relief,6162,-115,0.604081632653064,-82.0,3.2115384615384617,321.1538461538462,False,False,321.1538461538462,False,False,Normal,False,1,2023
2023-06-15,91,75,97,6038,272,6113,-175,-0.7951963648166194,-93.57142857142857,-116.71428571428571,6283.571428571428,6593.357142857143,False,Relief,6113,-175,0.7951963648166194,-93.57142857142857,2.804123711340206,280.4123711340206,False,False,280.4123711340206,False,False,Normal,False,1,2023
2023-06-19,29,51,11,5679,142,5730,-131,-6.265336168820546,-97.85714285714286,-116.35714285714286,6152.857142857143,6498.642857142857,False,Relief,5730,-131,6.265336168820546,-97.85714285714286,12.909090909090908,1290.9090909090908,False,False,,False,False,Normal,False,1,2023
2023-06-20,33,53,34,5904,134,5957,-100,3.961605584642225,-94.42857142857143,-116.14285714285714,6055.0,6414.928571428572,False,Relief,5957,-100,3.961605584642225,-94.42857142857143,3.9411764705882355,394.11764705882354,False,False,394.11764705882354,False,False,Normal,False,1,2023
2023-06-21,93,196,169,5922,149,6118,20,2.7027027027026973,-81.57142857142857,-105.57142857142857,6049.142857142857,6342.428571428572,False,Relief,6118,20,2.7027027027026973,-81.57142857142857,0.8816568047337278,88.16568047337277,False,False,88.16568047337277,False,False,Normal,False,1,2023
2023-06-22,124,234,161,5956,207,6190,-46,1.1768551814318462,-82.28571428571429,-93.21428571428571,6056.428571428572,6278.571428571428,False,Relief,6190,-46,1.1768551814318462,-82.28571428571429,1.2857142857142858,128.57142857142858,False,False,128.57142857142858,False,False,Normal,False,1,2023
2023-06-25,92,203,173,5766,263,5969,-90,-3.5702746365104954,-91.0,-84.5,6034.142857142857,6229.357142857143,False,Relief,5969,-90,3.5702746365104954,-91.0,1.5202312138728324,152.02312138728325,False,False,152.02312138728325,False,False,Normal,False,1,2023
2023-06-26,186,259,172,5819,174,6078,-2,1.8261015245434775,-74.85714285714286,-78.42857142857143,6022.142857142857,6189.928571428572,False,Relief,6078,-2,1.8261015245434775,-74.85714285714286,1.0116279069767442,101.16279069767442,False,False,101.16279069767442,False,False,Normal,False,1,2023
2023-06-27,154,225,220,5917,155,6142,65,1.0529779532741035,-40.57142857142857,-67.07142857142857,6026.285714285715,6154.928571428572,False,Relief,6142,65,1.0529779532741035,-40.57142857142857,0.7045454545454546,70.45454545454545,False,False,70.45454545454545,False,False,Normal,False,1,2023
2023-06-28,91,199,172,5999,174,6198,-2,0.9117551286226044,-22.142857142857142,-60.0,6093.142857142857,6123.0,False,Relief,6198,-2,0.9117551286226044,-22.142857142857142,1.0116279069767442,101.16279069767442,False,False,101.16279069767442,False,False,Normal,False,1,2023
2023-06-29,81,213,153,6058,213,6271,-60,1.177799290093584,-16.428571428571427,-55.42857142857143,6138.0,6096.5,False,Relief,6271,-60,1.177799290093584,-16.428571428571427,1.392156862745098,139.2156862745098,False,False,139.2156862745098,False,False,Normal,False,1,2023
2023-07-02,209,285,184,5903,309,6188,-125,-1.3235528623823933,-37.142857142857146,-59.357142857142854,6148.0,6098.571428571428,False,Relief,6188,-125,1.3235528623823933,-37.142857142857146,1.6793478260869565,167.93478260869566,False,False,167.93478260869566,False,False,Normal,False,1,2023
2023-07-04,184,314,217,6127,124,6441,93,4.088558500323214,-17.285714285714285,-49.785714285714285,6183.857142857143,6120.142857142857,False,Relief,6441,93,4.088558500323214,-17.285714285714285,0.5714285714285714,57.14285714285714,False,False,57.14285714285714,False,False,Normal,False,1,2023
2023-07-05,107,215,230,6193,167,6408,63,-0.5123428039124356,4.571428571428571,-43.214285714285715,6246.571428571428,6140.357142857143,True,Moderate Pressure,6408,63,0.5123428039124356,4.571428571428571,0.7260869565217392,72.60869565217392,False,False,72.60869565217392,False,False,Normal,False,1,2023
2023-07-06,101,162,178,6239,205,6401,-27,-0.10923845193507864,1.0,-36.92857142857143,6292.714285714285,6157.428571428572,True,Moderate Pressure,6401,-27,0.10923845193507864,1.0,1.151685393258427,115.1685393258427,False,False,115.1685393258427,False,False,Normal,False,1,2023
2023-07-09,99,190,176,6214,196,6404,-20,0.04686767692547722,-11.142857142857142,-25.857142857142858,6330.142857142857,6178.214285714285,False,Relief,6404,-20,0.04686767692547722,-11.142857142857142,1.1136363636363635,111.36363636363636,False,False,111.36363636363636,False,False,Normal,False,1,2023
2023-07-10,167,239,166,6346,163,6585,3,2.826358525921302,-10.428571428571429,-16.285714285714285,6385.428571428572,6239.285714285715,False,Relief,6585,3,2.826358525921302,-10.428571428571429,0.9819277108433735,98.19277108433735,False,False,98.19277108433735,False,False,Normal,False,1,2023
2023-07-11,115,216,169,6498,143,6714,26,1.9589977220956678,1.8571428571428572,-7.285714285714286,6448.714285714285,6293.357142857143,True,Moderate Pressure,6714,26,1.9589977220956678,1.8571428571428572,0.8461538461538461,84.61538461538461,False,False,84.61538461538461,False,False,Normal,False,1,2023
2023-07-12,84,158,193,6521,210,6679,-17,-0.5212987786714307,17.285714285714285,-9.928571428571429,6518.857142857143,6333.428571428572,True,Moderate Pressure,6679,-17,0.5212987786714307,17.285714285714285,1.0880829015544042,108.80829015544042,False,False,108.80829015544042,False,False,Normal,False,1,2023
2023-07-13,130,227,192,6604,226,6831,-34,2.2757897888905587,-0.8571428571428571,-9.071428571428571,6574.571428571428,6379.214285714285,False,Relief,6831,-34,2.2757897888905587,-0.8571428571428571,1.1770833333333333,117.70833333333333,False,False,117.70833333333333,False,False,Normal,False,1,2023
2023-07-16,88,214,160,6468,218,6682,-58,-2.1812326160152273,-18.142857142857142,-6.785714285714286,6613.714285714285,6430.142857142857,False,Relief,6682,-58,2.1812326160152273,-18.142857142857142,1.3625,136.25,False,False,136.25,False,False,Normal,False,1,2023
2023-07-17,113,208,159,6632,160,6840,-1,2.3645615085303717,-14.428571428571429,-6.714285714285714,6676.428571428572,6484.571428571428,False,Relief,6840,-1,2.3645615085303717,-14.428571428571429,1.0062893081761006,100.62893081761007,False,False,100.62893081761007,False,False,Normal,False,1,2023
2023-07-18,174,285,150,6874,181,7159,-31,4.66374269005847,-16.0,-13.571428571428571,6784.285714285715,6557.214285714285,False,Relief,7159,-31,4.66374269005847,-16.0,1.2066666666666668,120.66666666666667,False,False,120.66666666666667,False,False,Normal,False,1,2023
2023-07-19,104,230,206,7001,226,7231,-20,1.005727056851513,-19.285714285714285,-14.857142857142858,6876.571428571428,6631.0,False,Relief,7231,-20,1.005727056851513,-19.285714285714285,1.0970873786407767,109.70873786407766,False,False,109.70873786407766,False,False,Normal,False,1,2023
2023-07-20,147,276,214,7116,281,7392,-67,2.2265246853823806,-32.57142857142857,-15.357142857142858,6973.428571428572,6711.071428571428,False,Relief,7392,-67,2.2265246853823806,-32.57142857142857,1.3130841121495327,131.30841121495328,False,False,131.30841121495328,False,False,Normal,False,1,2023
2023-07-23,108,220,213,7052,276,7272,-63,-1.6233766233766267,-39.142857142857146,-10.928571428571429,7058.142857142857,6788.5,False,Relief,7272,-63,1.6233766233766267,-39.142857142857146,1.295774647887324,129.5774647887324,False,False,129.5774647887324,False,False,Normal,False,1,2023
2023-07-24,180,280,146,7220,187,7500,-41,3.1353135313531455,-40.142857142857146,-20.5,7153.714285714285,6864.142857142857,False,Relief,7500,-41,3.1353135313531455,-40.142857142857146,1.2808219178082192,128.08219178082192,False,False,128.08219178082192,False,False,Normal,False,1,2023
2023-07-25,134,294,186,7510,136,7804,50,4.053333333333331,-24.714285714285715,-21.428571428571427,7314.0,6963.857142857143,False,Relief,7804,50,4.053333333333331,-24.714285714285715,0.7311827956989247,73.11827956989248,False,False,73.11827956989248,False,False,Normal,False,1,2023
2023-07-26,202,313,158,7647,215,7960,-57,1.9989748846745314,-32.714285714285715,-23.571428571428573,7474.0,7075.214285714285,False,Relief,7960,-57,1.9989748846745314,-32.714285714285715,1.360759493670886,136.0759493670886,False,False,136.0759493670886,False,False,Normal,False,1,2023
2023-07-27,110,272,193,7754,259,8026,-66,0.8291457286432102,-37.714285714285715,-26.857142857142858,7597.857142857143,7191.071428571428,False,Relief,8026,-66,0.8291457286432102,-37.714285714285715,1.3419689119170986,134.19689119170985,False,False,134.19689119170985,False,False,Normal,False,1,2023
2023-07-30,166,277,229,7671,305,7948,-76,-0.9718415150759996,-45.714285714285715,-32.5,7700.285714285715,7288.428571428572,False,Relief,7948,-76,0.9718415150759996,-45.714285714285715,1.331877729257642,133.1877729257642,False,False,133.1877729257642,False,False,Normal,False,1,2023
2023-07-31,136,276,178,7800,220,8076,-42,1.610468042274782,-42.142857142857146,-37.357142857142854,7798.0,7385.714285714285,False,Relief,8076,-42,1.610468042274782,-42.142857142857146,1.2359550561797752,123.59550561797752,False,False,123.59550561797752,False,False,Normal,False,1,2023
2023-08-01,87,246,173,8103,168,8349,5,3.3803863298662806,-32.42857142857143,-35.785714285714285,7951.857142857143,7505.0,False,Relief,8349,5,3.3803863298662806,-32.42857142857143,0.9710982658959537,97.10982658959537,False,False,97.10982658959537,False,False,Elevated,False,1,2023
2023-08-02,84,171,157,8261,271,8432,-114,0.9941310336567311,-42.857142857142854,-41.5,8085.0,7619.357142857143,False,Relief,8432,-114,0.9941310336567311,-42.857142857142854,1.7261146496815287,172.61146496815286,False,False,172.61146496815286,False,False,Elevated,False,1,2023
2023-08-03,167,209,157,8294,339,8503,-182,0.8420303605312984,-76.0,-50.357142857142854,8184.857142857143,7749.428571428572,False,Relief,8503,-182,0.8420303605312984,-76.0,2.159235668789809,215.92356687898092,False,False,215.92356687898092,False,False,Elevated,False,1,2023
2023-08-06,109,245,159,8298,322,8543,-163,0.4704222039280337,-91.14285714285714,-61.92857142857143,8268.142857142857,7871.071428571428,False,Relief,8543,-163,0.4704222039280337,-91.14285714285714,2.0251572327044025,202.51572327044025,False,False,202.51572327044025,False,False,Elevated,False,1,2023
2023-08-07,156,256,176,8493,202,8749,-26,2.4113309141987616,-85.42857142857143,-61.57142857142857,8371.42857142857,7984.642857142857,False,Relief,8749,-26,2.4113309141987616,-85.42857142857143,1.1477272727272727,114.77272727272727,False,False,114.77272727272727,False,False,Elevated,False,1,2023
2023-08-08,125,232,192,8725,207,8957,-15,2.3774145616641817,-76.71428571428571,-61.214285714285715,8515.57142857143,8107.928571428572,False,Relief,8957,-15,2.3774145616641817,-76.71428571428571,1.078125,107.8125,False,False,107.8125,False,False,Elevated,False,1,2023
2023-08-09,118,139,168,8888,251,9027,-83,0.7815116668527411,-82.57142857142857,-62.357142857142854,8651.42857142857,8224.714285714286,False,Relief,9027,-83,0.7815116668527411,-82.57142857142857,1.494047619047619,149.4047619047619,False,False,149.4047619047619,False,False,Elevated,False,1,2023
2023-08-10,142,235,139,8914,353,9149,-214,1.3515010523983628,-113.85714285714286,-73.14285714285714,8765.714285714286,8358.785714285714,False,Relief,9149,-214,1.3515010523983628,-113.85714285714286,2.539568345323741,253.95683453237413,False,False,253.95683453237413,False,False,Elevated,False,1,2023
2023-08-16,148,245,175,9634,288,9879,-113,7.979014099901627,-113.71428571428571,-78.28571428571429,8972.42857142857,8528.714285714286,False,Relief,9879,-113,7.979014099901627,-113.71428571428571,1.6457142857142857,164.57142857142856,False,False,164.57142857142856,False,False,Elevated,False,1,2023
2023-08-17,119,219,210,9694,407,9913,-197,0.34416438910820357,-115.85714285714286,-95.92857142857143,9173.857142857143,8679.357142857143,False,Relief,9913,-197,0.34416438910820357,-115.85714285714286,1.938095238095238,193.8095238095238,False,False,193.8095238095238,False,False,Elevated,False,1,2023
2023-08-20,105,210,149,9483,390,9693,-241,-2.219307979420959,-127.0,-109.07142857142857,9338.142857142857,8803.142857142857,False,Relief,9693,-241,2.219307979420959,-127.0,2.61744966442953,261.744966442953,False,False,261.744966442953,False,False,Elevated,False,1,2023
2023-08-21,143,203,163,9668,281,9871,-118,1.8363767667388897,-140.14285714285714,-112.78571428571429,9498.42857142857,8934.92857142857,False,Relief,9871,-118,1.8363767667388897,-140.14285714285714,1.7239263803680982,172.3926380368098,False,False,172.3926380368098,False,False,Elevated,False,1,2023
2023-08-22,119,209,152,9921,230,10130,-78,2.623847634484844,-149.14285714285714,-112.92857142857143,9666.0,9090.785714285714,False,Relief,10130,-78,2.623847634484844,-149.14285714285714,1.513157894736842,151.3157894736842,False,False,151.3157894736842,False,False,High,True,2,2023
2023-08-23,155,212,181,10071,285,10283,-104,1.5103652517275412,-152.14285714285714,-117.35714285714286,9845.42857142857,9248.42857142857,False,Relief,10283,-104,1.5103652517275412,-152.14285714285714,1.574585635359116,157.45856353591162,False,False,157.45856353591162,False,False,High,True,2,2023
2023-08-24,109,214,173,10026,443,10240,-270,-0.41816590489156535,-160.14285714285714,-137.0,10001.285714285714,9383.5,False,Relief,10240,-270,0.41816590489156535,-160.14285714285714,2.560693641618497,256.0693641618497,False,False,256.0693641618497,False,False,High,True,2,2023
2023-08-27,191,283,192,9873,488,10156,-296,-0.8203124999999978,-186.28571428571428,-150.0,10040.857142857143,9506.642857142857,False,Relief,10156,-296,0.8203124999999978,-186.28571428571428,2.5416666666666665,254.16666666666666,False,False,254.16666666666666,False,False,High,True,2,2023
2023-08-28,170,297,196,10012,388,10309,-192,1.5064986215045373,-185.57142857142858,-150.71428571428572,10097.42857142857,9635.642857142857,False,Relief,10309,-192,1.5064986215045373,-185.57142857142858,1.9795918367346939,197.9591836734694,False,False,197.9591836734694,False,False,High,True,2,2023
2023-08-29,152,272,214,10180,286,10452,-72,1.387137452711218,-161.42857142857142,-144.21428571428572,10205.857142857143,9772.0,False,Relief,10452,-72,1.387137452711218,-161.42857142857142,1.3364485981308412,133.6448598130841,False,False,133.6448598130841,False,False,High,True,2,2023
2023-08-30,239,367,224,10280,366,10647,-142,1.8656716417910557,-164.85714285714286,-152.5,10316.714285714286,9907.57142857143,False,Relief,10647,-142,1.8656716417910557,-164.85714285714286,1.6339285714285714,163.39285714285714,False,False,163.39285714285714,False,False,High,True,2,2023
2023-08-31,113,280,237,10140,505,10420,-268,-2.1320559782098236,-192.0,-170.57142857142858,10358.142857142857,10012.07142857143,False,Relief,10420,-268,2.1320559782098236,-192.0,2.130801687763713,213.0801687763713,False,False,213.0801687763713,False,False,High,True,2,2023
2023-09-04,196,306,187,9988,293,10294,-106,-1.2092130518234212,-192.28571428571428,-172.21428571428572,10359.714285714286,10102.57142857143,False,Relief,10294,-106,1.2092130518234212,-192.28571428571428,1.5668449197860963,156.68449197860963,False,False,156.68449197860963,False,False,High,True,2,2023
2023-09-05,236,330,222,10142,243,10472,-21,1.7291626190013565,-156.71428571428572,-158.42857142857142,10392.857142857143,10197.07142857143,False,Relief,10472,-21,1.7291626190013565,-156.71428571428572,1.0945945945945945,109.45945945945945,False,False,109.45945945945945,False,False,High,True,2,2023
2023-09-06,81,230,242,10356,291,10586,-49,1.0886172650878434,-121.42857142857143,-153.85714285714286,10454.285714285714,10247.57142857143,False,Relief,10586,-49,1.0886172650878434,-121.42857142857143,1.2024793388429753,120.24793388429754,False,False,120.24793388429754,False,False,High,True,2,2023
2023-09-07,118,245,160,10419,398,10664,-238,0.7368222180238027,-128.0,-156.78571428571428,10505.0,10301.214285714286,False,Relief,10664,-238,0.7368222180238027,-128.0,2.4875,248.74999999999997,False,False,248.74999999999997,False,False,High,True,2,2023
2023-09-10,218,283,208,10282,382,10565,-174,-0.9283570892723136,-142.57142857142858,-152.0,10521.142857142857,10363.5,False,Relief,10565,-174,0.9283570892723136,-142.57142857142858,1.8365384615384615,183.65384615384613,False,False,183.65384615384613,False,False,High,True,2,2023
2023-09-11,132,243,183,10492,277,10735,-94,1.6090866067203002,-135.71428571428572,-150.28571428571428,10533.714285714286,10425.214285714286,False,Relief,10735,-94,1.6090866067203002,-135.71428571428572,1.5136612021857923,151.36612021857923,False,False,151.36612021857923,False,False,High,True,2,2023
2023-09-12,224,315,152,10649,316,10964,-164,2.133209129017244,-120.85714285714286,-156.42857142857142,10611.42857142857,10484.785714285714,False,Relief,10964,-164,2.133209129017244,-120.85714285714286,2.0789473684210527,207.89473684210526,False,False,207.89473684210526,False,False,High,True,2,2023
2023-09-13,167,326,213,10678,343,11004,-130,0.36483035388543694,-124.28571428571429,-158.28571428571428,10712.857142857143,10536.285714285714,False,Relief,11004,-130,0.36483035388543694,-124.28571428571429,1.6103286384976525,161.03286384976525,False,False,161.03286384976525,False,False,Very High,True,2,2023
2023-09-14,209,353,232,10837,414,11190,-182,1.6902944383860419,-147.28571428571428,-152.0,10815.42857142857,10604.142857142857,False,Relief,11190,-182,1.6902944383860419,-147.28571428571428,1.7844827586206897,178.44827586206898,False,False,178.44827586206898,False,False,Very High,True,2,2023
2023-09-17,153,253,286,10799,427,11052,-141,-1.2332439678284235,-160.42857142857142,-140.92857142857142,10882.0,10668.142857142857,False,Relief,11052,-141,1.2332439678284235,-160.42857142857142,1.493006993006993,149.30069930069928,False,False,149.30069930069928,False,False,Very High,True,2,2023
2023-09-18,180,337,219,10892,313,11229,-94,1.601520086862096,-139.85714285714286,-133.92857142857142,10962.714285714286,10733.857142857143,False,Relief,11229,-94,1.601520086862096,-139.85714285714286,1.4292237442922375,142.92237442922377,False,False,142.92237442922377,False,False,Very High,True,2,2023
2023-09-19,133,287,189,11095,260,11382,-71,1.362543414373496,-125.14285714285714,-133.85714285714286,11079.42857142857,10800.285714285714,False,Relief,11382,-71,1.362543414373496,-125.14285714285714,1.3756613756613756,137.56613756613757,False,False,137.56613756613757,False,False,Very High,True,2,2023
2023-09-20,187,310,247,11064,364,11374,-117,-0.07028641714988959,-128.42857142857142,-132.07142857142858,11170.714285714286,10852.214285714286,False,Relief,11374,-117,0.07028641714988959,-128.42857142857142,1.4736842105263157,147.36842105263156,False,False,147.36842105263156,False,False,Very High,True,2,2023
2023-09-21,168,285,210,11067,428,11352,-218,-0.19342359767892114,-136.14285714285714,-128.5,11226.142857142857,10918.785714285714,False,Relief,11352,-218,0.19342359767892114,-136.14285714285714,2.038095238095238,203.8095238095238,False,False,203.8095238095238,False,False,Very High,True,2,2023
2023-09-24,269,412,204,10744,403,11156,-199,-1.7265680056377741,-146.0,-135.14285714285714,11247.857142857143,10980.357142857143,False,Relief,11156,-199,1.7265680056377741,-146.0,1.9754901960784315,197.54901960784315,False,False,197.54901960784315,False,False,Very High,True,2,2023
2023-09-25,100,255,236,10842,284,11097,-48,-0.5288633918967389,-126.85714285714286,-137.07142857142858,11234.57142857143,11025.0,False,Relief,11097,-48,0.5288633918967389,-126.85714285714286,1.2033898305084745,120.33898305084745,False,False,120.33898305084745,False,False,Very High,True,2,2023
2023-09-26,205,294,177,10978,332,11272,-155,1.5770027935477993,-128.85714285714286,-144.64285714285714,11266.0,11074.0,False,Relief,11272,-155,1.5770027935477993,-128.85714285714286,1.8757062146892656,187.57062146892656,False,False,187.57062146892656,False,False,Very High,True,2,2023
2023-09-27,161,304,211,11017,331,11321,-120,0.434705464868701,-132.57142857142858,-136.21428571428572,11279.142857142857,11120.92857142857,False,Relief,11321,-120,0.434705464868701,-132.57142857142858,1.5687203791469195,156.87203791469196,False,False,156.87203791469196,False,False,Very High,True,2,2023
2023-09-28,57,162,193,10984,447,11146,-254,-1.545799841003448,-158.71428571428572,-141.92857142857142,11245.42857142857,11162.42857142857,False,Relief,11146,-254,1.545799841003448,-158.71428571428572,2.316062176165803,231.6062176165803,False,False,231.6062176165803,False,False,Very High,True,2,2023
2023-10-01,80,122,152,10598,493,10720,-341,-3.8219989233805873,-190.71428571428572,-159.57142857142858,11152.0,11161.357142857143,False,Relief,10720,-341,3.8219989233805873,-190.71428571428572,3.2434210526315788,324.34210526315786,False,False,324.34210526315786,False,False,High,True,2,2023
2023-10-02,107,170,133,10724,284,10894,-151,1.6231343283582111,-181.14285714285714,-158.64285714285714,11086.57142857143,11156.357142857143,False,Relief,10894,-151,1.6231343283582111,-181.14285714285714,2.1353383458646618,213.53383458646618,False,False,213.53383458646618,False,False,High,True,2,2023
2023-10-03,99,156,139,10818,287,10974,-148,0.7343491830365423,-173.85714285714286,-159.92857142857142,11060.57142857143,11154.214285714286,False,Relief,10974,-148,0.7343491830365423,-173.85714285714286,2.064748201438849,206.4748201438849,False,False,206.4748201438849,False,False,Very High,True,2,2023
2023-10-04,25,66,94,10963,330,11029,-236,0.5011846181884438,-200.71428571428572,-163.78571428571428,11050.857142857143,11142.714285714286,False,Relief,11029,-236,0.5011846181884438,-200.71428571428572,3.5106382978723403,351.063829787234,False,False,351.063829787234,False,False,Very High,True,2,2023
2023-10-05,35,70,53,11130,427,11200,-374,1.5504578837610028,-232.0,-180.42857142857142,11040.57142857143,11153.285714285714,False,Relief,11200,-374,1.5504578837610028,-232.0,8.056603773584905,805.6603773584906,False,False,805.6603773584906,False,False,Very High,True,2,2023
2023-10-09,43,73,64,10815,282,10888,-218,-2.7857142857142803,-246.0,-189.28571428571428,10978.714285714286,11128.92857142857,False,Relief,10888,-218,2.7857142857142803,-246.0,4.40625,440.625,False,False,440.625,False,False,High,True,2,2023
2023-10-10,41,60,71,10910,257,10970,-186,0.7531227038942045,-236.28571428571428,-197.5,10953.57142857143,11099.5,False,Relief,10970,-186,0.7531227038942045,-236.28571428571428,3.619718309859155,361.9718309859155,False,False,361.9718309859155,False,False,Very High,True,2,2023
2023-10-11,65,83,65,10960,266,11043,-201,0.6654512306289773,-216.28571428571428,-203.5,10999.714285714286,11075.857142857143,False,Relief,11043,-201,0.6654512306289773,-216.28571428571428,4.092307692307692,409.23076923076917,False,False,409.23076923076917,False,False,Very High,True,2,2023
2023-10-12,38,80,82,10992,398,11072,-316,0.2626097980621189,-239.85714285714286,-210.5,11025.142857142857,11055.857142857143,False,Relief,11072,-316,0.2626097980621189,-239.85714285714286,4.853658536585366,485.3658536585366,False,False,485.3658536585366,False,False,Very High,True,2,2023
2023-10-15,56,82,68,10571,434,10653,-366,-3.7843208092485536,-271.0,-222.42857142857142,10979.285714285714,11019.92857142857,False,Relief,10653,-366,3.7843208092485536,-271.0,6.382352941176471,638.2352941176471,False,False,638.2352941176471,False,False,High,True,2,2023
2023-10-16,74,103,80,10629,331,10732,-251,0.7415751431521622,-273.14285714285717,-236.92857142857142,10936.857142857143,10993.857142857143,False,Relief,10732,-251,0.7415751431521622,-273.14285714285717,4.1375,413.75,False,False,413.75,False,False,High,True,2,2023
2023-10-17,68,107,102,10630,315,10737,-213,0.04658963846440045,-250.14285714285714,-241.07142857142858,10870.714285714286,10955.642857142857,False,Relief,10737,-213,0.04658963846440045,-250.14285714285714,3.088235294117647,308.8235294117647,False,False,308.8235294117647,False,False,High,True,2,2023
2023-10-18,92,124,93,10511,393,10635,-300,-0.9499860296172113,-261.85714285714283,-253.92857142857142,10834.57142857143,10906.642857142857,False,Relief,10635,-300,0.9499860296172113,-261.85714285714283,4.225806451612903,422.5806451612903,False,False,422.5806451612903,False,False,High,True,2,2023
2023-10-19,113,162,107,10319,406,10481,-299,-1.4480488951574944,-278.0,-257.14285714285717,10764.714285714286,10859.142857142857,False,Relief,10481,-299,1.4480488951574944,-278.0,3.794392523364486,379.4392523364486,False,False,379.4392523364486,False,False,High,True,2,2023
2023-10-22,106,196,131,9506,454,9702,-323,-7.432496899150842,-295.42857142857144,-255.85714285714286,10573.142857142857,10786.42857142857,False,Relief,9702,-323,7.432496899150842,-295.42857142857144,3.4656488549618323,346.56488549618325,False,False,346.56488549618325,False,False,Elevated,False,3,2023
2023-10-23,86,152,168,9436,327,9588,-159,-1.1750154607297447,-273.0,-256.42857142857144,10361.142857142857,10693.142857142857,False,Relief,9588,-159,1.1750154607297447,-273.0,1.9464285714285714,194.64285714285714,False,False,194.64285714285714,False,False,Elevated,False,3,2023
2023-10-24,84,118,136,9396,300,9514,-164,-0.7717980809345049,-244.14285714285714,-257.57142857142856,10198.42857142857,10588.857142857143,False,Relief,9514,-164,0.7717980809345049,-244.14285714285714,2.2058823529411766,220.58823529411765,False,False,220.58823529411765,False,False,Elevated,False,3,2023
2023-10-25,59,64,117,9351,293,9415,-176,-1.0405717889426125,-233.42857142857142,-253.28571428571428,10010.285714285714,10473.57142857143,False,Relief,9415,-176,1.0405717889426125,-233.42857142857142,2.5042735042735043,250.42735042735043,False,False,250.42735042735043,False,False,Elevated,False,3,2023
2023-10-26,62,97,52,9235,390,9332,-338,-0.8815719596388716,-251.28571428571428,-250.71428571428572,9809.57142857143,10340.142857142857,False,Relief,9332,-338,0.8815719596388716,-251.28571428571428,7.5,750.0,False,False,750.0,False,False,Elevated,False,3,2023
2023-10-29,91,75,97,8925,418,9000,-321,-3.557651093013292,-254.28571428571428,-258.07142857142856,9576.0,10205.285714285714,False,Relief,9000,-321,3.557651093013292,-254.28571428571428,4.309278350515464,430.92783505154637,False,False,430.92783505154637,False,False,Elevated,False,3,2023
2023-10-30,29,51,11,9026,278,9077,-267,0.855555555555565,-249.71428571428572,-263.85714285714283,9375.42857142857,10070.07142857143,False,Relief,9077,-267,0.855555555555565,-249.71428571428572,25.272727272727273,2527.2727272727275,False,False,,False,False,Elevated,False,3,2023
2023-10-31,33,53,34,9072,295,9125,-261,0.5288090778891696,-240.85714285714286,-268.14285714285717,9293.0,9933.07142857143,False,Relief,9125,-261,0.5288090778891696,-240.85714285714286,8.676470588235293,867.6470588235294,False,False,867.6470588235294,False,False,Elevated,False,3,2023
2023-11-01,132,235,197,9250,279,9485,-82,3.945205479452052,-229.85714285714286,-251.42857142857142,9278.285714285714,9819.714285714286,False,Relief,9485,-82,3.945205479452052,-229.85714285714286,1.416243654822335,141.6243654822335,False,False,141.6243654822335,False,False,Elevated,False,3,2023
2023-11-02,174,208,256,9442,330,9650,-74,1.7395888244596813,-217.0,-230.57142857142858,9297.714285714286,9748.07142857143,False,Relief,9650,-74,1.7395888244596813,-217.0,1.2890625,128.90625,False,False,128.90625,False,False,Elevated,False,3,2023
2023-11-05,123,230,167,9273,370,9503,-203,-1.523316062176161,-220.85714285714286,-227.14285714285714,9310.285714285714,9660.285714285714,False,Relief,9503,-203,1.523316062176161,-220.85714285714286,2.215568862275449,221.5568862275449,False,False,221.5568862275449,False,False,Elevated,False,3,2023
2023-11-06,123,233,159,9286,316,9519,-157,0.1683678838261704,-195.0,-223.14285714285714,9337.0,9573.285714285714,False,Relief,9519,-157,0.1683678838261704,-195.0,1.9874213836477987,198.74213836477986,False,False,198.74213836477986,False,False,Elevated,False,3,2023
2023-11-07,141,232,188,9483,231,9715,-43,2.0590398151066225,-155.28571428571428,-204.78571428571428,9439.142857142857,9507.57142857143,False,Relief,9715,-43,2.0590398151066225,-155.28571428571428,1.2287234042553192,122.87234042553192,False,False,122.87234042553192,False,False,Elevated,False,3,2023
2023-11-08,158,226,191,9634,310,9860,-119,1.4925373134328401,-134.14285714285714,-191.92857142857142,9551.0,9463.214285714286,False,Relief,9860,-119,1.4925373134328401,-134.14285714285714,1.6230366492146597,162.30366492146598,False,False,162.30366492146598,False,False,Elevated,False,3,2023
2023-11-12,96,160,233,9477,313,9637,-80,-2.2616632860040564,-108.28571428571429,-174.57142857142858,9624.142857142857,9458.57142857143,False,Relief,9637,-80,2.2616632860040564,-108.28571428571429,1.3433476394849786,134.33476394849785,False,False,134.33476394849785,False,False,Elevated,False,3,2023
2023-11-13,141,173,129,9510,287,9683,-158,0.4773269689737569,-119.14285714285714,-174.5,9652.42857142857,9465.357142857143,False,Relief,9683,-158,0.4773269689737569,-119.14285714285714,2.2248062015503876,222.48062015503876,False,False,222.48062015503876,False,False,Elevated,False,3,2023
2023-11-14,116,181,182,9665,247,9846,-65,1.6833625942373143,-117.85714285714286,-167.42857142857142,9680.42857142857,9489.07142857143,False,Relief,9846,-65,1.6833625942373143,-117.85714285714286,1.3571428571428572,135.71428571428572,False,False,135.71428571428572,False,False,Elevated,False,3,2023
2023-11-15,150,157,201,9762,316,9919,-115,0.7414178346536682,-105.28571428571429,-163.07142857142858,9739.857142857143,9525.07142857143,False,Relief,9919,-115,0.7414178346536682,-105.28571428571429,1.572139303482587,157.2139303482587,False,False,157.2139303482587,False,False,Elevated,False,3,2023
2023-11-16,80,176,125,9762,374,9938,-249,0.191551567698367,-118.42857142857143,-156.71428571428572,9799.714285714286,9568.357142857143,False,Relief,9938,-249,0.191551567698367,-118.42857142857143,2.992,299.2,False,False,299.2,False,False,High,True,4,2023
2023-11-19,116,188,164,9573,435,9761,-271,-1.7810424632722865,-151.0,-153.14285714285714,9806.285714285714,9622.714285714286,False,Relief,9761,-271,1.7810424632722865,-151.0,2.652439024390244,265.2439024390244,False,False,265.2439024390244,False,False,Elevated,False,5,2023
2023-11-20,105,185,158,9638,298,9823,-140,0.635180821637138,-154.0,-144.07142857142858,9801.0,9676.0,False,Relief,9823,-140,0.635180821637138,-154.0,1.8860759493670887,188.60759493670886,False,False,188.60759493670886,False,False,Elevated,False,5,2023
2023-11-21,136,246,123,9804,250,10050,-127,2.310902982795482,-160.71428571428572,-134.5,9860.0,9742.07142857143,False,Relief,10050,-127,2.310902982795482,-160.71428571428572,2.032520325203252,203.25203252032523,False,False,203.25203252032523,False,False,High,True,6,2023
2023-11-23,128,228,177,9838,283,10066,-106,0.1592039800994982,-153.28571428571428,-136.21428571428572,9914.714285714286,9783.57142857143,False,Relief,10066,-106,0.1592039800994982,-153.28571428571428,1.5988700564971752,159.8870056497175,False,False,159.8870056497175,False,False,High,True,6,2023
2023-11-26,90,196,205,9845,312,10041,-107,-0.24836081859725967,-159.28571428571428,-138.57142857142858,9942.57142857143,9811.5,False,Relief,10041,-107,0.24836081859725967,-159.28571428571428,1.5219512195121951,152.1951219512195,False,False,152.1951219512195,False,False,High,True,6,2023
2023-11-27,56,82,68,10123,214,10205,-146,1.6333034558311033,-163.71428571428572,-134.5,9983.42857142857,9861.642857142857,False,Relief,10205,-146,1.6333034558311033,-163.71428571428572,3.1470588235294117,314.70588235294116,False,False,314.70588235294116,False,False,High,True,6,2023
2023-11-28,74,103,80,10223,223,10326,-143,1.185693287604117,-148.57142857142858,-133.5,10038.857142857143,9919.285714285714,False,Relief,10326,-143,1.185693287604117,-148.57142857142858,2.7875,278.75,False,False,278.75,False,False,High,True,6,2023
2023-11-29,68,107,102,10398,284,10505,-182,1.73348828200659,-135.85714285714286,-143.42857142857142,10145.142857142857,9975.714285714286,False,Relief,10505,-182,1.73348828200659,-135.85714285714286,2.784313725490196,278.4313725490196,False,False,278.4313725490196,False,False,High,True,6,2023
2023-11-30,92,124,93,10536,320,10660,-227,1.47548786292242,-148.28571428571428,-151.14285714285714,10264.714285714286,10032.857142857143,False,Relief,10660,-227,1.47548786292242,-148.28571428571428,3.4408602150537635,344.0860215053763,False,False,344.0860215053763,False,False,High,True,6,2023
2023-12-03,132,235,197,10579,417,10814,-220,1.4446529080675452,-161.57142857142858,-161.14285714285714,10373.857142857143,10116.92857142857,False,Relief,10814,-220,1.4446529080675452,-161.57142857142858,2.116751269035533,211.6751269035533,False,False,211.6751269035533,False,False,High,True,6,2023
2023-12-04,174,208,256,10635,273,10843,-17,0.2681708895875712,-148.85714285714286,-151.07142857142858,10484.857142857143,10199.785714285714,False,Relief,10843,-17,0.2681708895875712,-148.85714285714286,1.06640625,106.640625,False,False,106.640625,False,False,High,True,6,2023
2023-12-05,123,230,167,10761,261,10991,-94,1.364935903347786,-147.0,-153.14285714285714,10620.57142857143,10281.57142857143,False,Relief,10991,-94,1.364935903347786,-147.0,1.562874251497006,156.2874251497006,False,False,156.2874251497006,False,False,Very High,True,6,2023
2023-12-06,123,233,159,10832,376,11065,-217,0.6732781366572738,-157.14285714285714,-160.42857142857142,10743.42857142857,10363.42857142857,False,Relief,11065,-217,0.6732781366572738,-157.14285714285714,2.3647798742138364,236.47798742138363,False,False,236.47798742138363,False,False,Very High,True,6,2023
2023-12-07,141,232,188,10897,466,11129,-278,0.5784003615002309,-176.42857142857142,-162.5,10858.142857142857,10448.5,False,Relief,11129,-278,0.5784003615002309,-176.42857142857142,2.478723404255319,247.8723404255319,False,False,247.8723404255319,False,False,Very High,True,6,2023
2023-12-10,158,226,191,10871,411,11097,-220,-0.2875370653248277,-181.85714285714286,-158.85714285714286,10942.714285714286,10543.92857142857,False,Relief,11097,-220,0.2875370653248277,-181.85714285714286,2.1518324607329844,215.18324607329845,False,False,215.18324607329845,False,False,Very High,True,6,2023
2023-12-11,96,160,233,10998,304,11158,-71,0.5496981166080994,-159.57142857142858,-153.92857142857142,11013.857142857143,10639.285714285714,False,Relief,11158,-71,0.5496981166080994,-159.57142857142858,1.3047210300429184,130.47210300429185,False,False,130.47210300429185,False,False,Very High,True,6,2023
2023-12-12,141,173,129,11077,259,11250,-130,0.8245205233912811,-146.71428571428572,-154.14285714285714,11076.142857142857,10725.0,False,Relief,11250,-130,0.8245205233912811,-146.71428571428572,2.007751937984496,200.7751937984496,False,False,200.7751937984496,False,False,Very High,True,6,2023
2023-12-13,116,181,182,11192,335,11373,-153,1.093333333333324,-166.14285714285714,-157.5,11151.857142857143,10818.357142857143,False,Relief,11373,-153,1.093333333333324,-166.14285714285714,1.8406593406593406,184.06593406593404,False,False,184.06593406593404,False,False,Very High,True,6,2023
2023-12-14,150,157,201,11242,396,11399,-195,0.2286116240218128,-180.57142857142858,-163.78571428571428,11210.142857142857,10915.357142857143,False,Relief,11399,-195,0.2286116240218128,-180.57142857142858,1.9701492537313432,197.01492537313433,False,False,197.01492537313433,False,False,Very High,True,6,2023
2023-12-17,80,176,125,11092,456,11268,-331,-1.149223616106676,-196.85714285714286,-177.0,11239.142857142857,10991.285714285714,False,Relief,11268,-331,1.149223616106676,-196.85714285714286,3.648,364.8,False,False,364.8,False,False,Very High,True,6,2023
2023-12-18,116,188,164,11149,364,11337,-200,0.6123535676251235,-185.71428571428572,-181.07142857142858,11268.857142857143,11063.5,False,Relief,11337,-200,0.6123535676251235,-185.71428571428572,2.2195121951219514,221.95121951219514,False,False,221.95121951219514,False,False,Very High,True,6,2023
2023-12-19,105,185,158,11291,272,11476,-114,1.2260739172620605,-170.57142857142858,-176.21428571428572,11323.0,11132.857142857143,False,Relief,11476,-114,1.2260739172620605,-170.57142857142858,1.7215189873417722,172.15189873417722,False,False,172.15189873417722,False,False,Very High,True,6,2023
2023-12-20,136,246,123,11516,390,11762,-267,2.492157546183349,-198.57142857142858,-179.07142857142858,11409.285714285714,11211.57142857143,False,Relief,11762,-267,2.492157546183349,-198.57142857142858,3.1707317073170733,317.0731707317073,False,False,317.0731707317073,False,False,Very High,True,6,2023
2023-12-21,128,228,177,11375,497,11603,-320,-1.3518109165107983,-225.71428571428572,-186.21428571428572,11459.714285714286,11267.92857142857,False,Relief,11603,-320,1.3518109165107983,-225.71428571428572,2.8079096045197742,280.7909604519774,False,False,280.7909604519774,False,False,Very High,True,6,2023
2023-12-25,90,196,205,11144,347,11340,-142,-2.266655175385679,-224.14285714285714,-195.14285714285714,11455.0,11303.42857142857,False,Relief,11340,-142,2.266655175385679,-224.14285714285714,1.6926829268292682,169.2682926829268,False,False,169.2682926829268,False,False,Very High,True,6,2023
2023-12-26,56,82,68,11217,288,11299,-220,-0.36155202821869237,-227.71428571428572,-204.14285714285714,11440.714285714286,11325.42857142857,False,Relief,11299,-220,0.36155202821869237,-227.71428571428572,4.235294117647059,423.5294117647059,False,False,423.5294117647059,False,False,Very High,True,6,2023
2023-12-27,74,103,80,11206,335,11309,-255,0.08850340738117968,-216.85714285714286,-206.85714285714286,11446.57142857143,11342.857142857143,False,Relief,11309,-255,0.08850340738117968,-216.85714285714286,4.1875,418.75,False,False,418.75,False,False,Very High,True,6,2023
2023-12-28,68,107,102,11230,357,11337,-255,0.2475904147139385,-224.71428571428572,-205.21428571428572,11446.57142857143,11357.714285714286,False,Relief,11337,-255,0.2475904147139385,-224.71428571428572,3.5,350.0,False,False,350.0,False,False,Very High,True,6,2023
2024-01-01,92,124,93,10870,290,10994,-197,-3.0254917526682523,-236.57142857142858,-203.57142857142858,11377.714285714286,11350.357142857143,False,Relief,10994,-197,3.0254917526682523,-236.57142857142858,3.118279569892473,311.8279569892473,False,False,311.8279569892473,False,False,Very High,True,6,2024
2024-01-02,113,162,107,10770,316,10932,-209,-0.5639439694378745,-228.28571428571428,-213.42857142857142,11259.142857142857,11334.214285714286,False,Relief,10932,-209,0.5639439694378745,-228.28571428571428,2.953271028037383,295.3271028037383,False,False,295.3271028037383,False,False,High,True,6,2024
2024-01-03,106,196,131,10718,263,10914,-132,-0.16465422612513825,-201.42857142857142,-213.57142857142858,11160.714285714286,11310.214285714286,False,Relief,10914,-132,0.16465422612513825,-201.42857142857142,2.0076335877862594,200.76335877862596,False,False,200.76335877862596,False,False,High,True,6,2024
2024-01-04,86,152,168,10558,362,10710,-194,-1.869158878504673,-208.85714285714286,-216.5,11070.714285714286,11262.857142857143,False,Relief,10710,-194,1.869158878504673,-208.85714285714286,2.1547619047619047,215.47619047619045,False,False,215.47619047619045,False,False,High,True,6,2024
2024-01-07,84,118,136,9670,367,9788,-231,-8.608776844070965,-210.42857142857142,-219.07142857142858,10854.857142857143,11147.785714285714,False,Relief,9788,-231,8.608776844070965,-210.42857142857142,2.698529411764706,269.8529411764706,False,False,269.8529411764706,False,False,Elevated,False,7,2024
2024-01-08,59,64,117,9670,367,9734,-250,-0.5516959542296695,-209.71428571428572,-213.28571428571428,10629.857142857143,11038.214285714286,False,Relief,9734,-250,0.5516959542296695,-209.71428571428572,3.1367521367521367,313.6752136752137,False,False,313.6752136752137,False,False,Elevated,False,7,2024
2024-01-09,62,97,52,9311,286,9408,-234,-3.3490856790630796,-206.71428571428572,-215.71428571428572,10354.285714285714,10900.42857142857,False,Relief,9408,-234,3.3490856790630796,-206.71428571428572,5.5,550.0,False,False,550.0,False,False,Elevated,False,7,2024
2024-01-10,91,75,97,9144,349,9219,-252,-2.00892857142857,-214.57142857142858,-225.57142857142858,10100.714285714286,10739.214285714286,False,Relief,9219,-252,2.00892857142857,-214.57142857142858,3.597938144329897,359.7938144329897,False,False,359.7938144329897,False,False,Elevated,False,7,2024
2024-01-11,29,51,11,8829,476,8880,-465,-3.6771884152294154,-251.14285714285714,-239.71428571428572,9807.57142857143,10533.357142857143,False,Relief,8880,-465,3.6771884152294154,-251.14285714285714,43.27272727272727,4327.272727272727,False,False,,False,False,Elevated,False,7,2024
2024-01-15,33,53,34,8033,234,8086,-200,-8.941441441441444,-260.85714285714283,-231.14285714285714,9403.57142857143,10282.142857142857,False,Relief,8086,-200,8.941441441441444,-260.85714285714283,6.882352941176471,688.2352941176471,False,False,688.2352941176471,False,False,Normal,False,7,2024
2024-01-16,32,49,39,8133,188,8182,-149,1.187237200098945,-254.42857142857142,-231.64285714285714,9042.42857142857,10056.57142857143,False,Relief,8182,-149,1.187237200098945,-254.42857142857142,4.82051282051282,482.05128205128204,False,False,482.05128205128204,False,False,Normal,False,7,2024
2024-01-17,80,176,125,8072,353,8248,-228,0.8066487411390932,-254.0,-232.21428571428572,8822.42857142857,9838.642857142857,False,Relief,8248,-228,0.8066487411390932,-254.0,2.824,282.4,False,False,282.4,False,False,Normal,False,7,2024
2024-01-18,116,188,164,8042,359,8230,-195,-0.21823472356935492,-246.14285714285714,-227.92857142857142,8607.57142857143,9618.714285714286,False,Relief,8230,-195,0.21823472356935492,-246.14285714285714,2.1890243902439024,218.90243902439025,False,False,218.90243902439025,False,False,Normal,False,7,2024
2024-01-21,105,185,158,7974,371,8159,-213,-0.8626974483596617,-243.14285714285714,-224.92857142857142,8429.142857142857,9391.714285714286,False,Relief,8159,-213,0.8626974483596617,-243.14285714285714,2.348101265822785,234.81012658227849,False,False,234.81012658227849,False,False,Normal,False,7,2024
2024-01-22,136,246,123,8008,222,8254,-99,1.164358377252106,-221.28571428571428,-217.92857142857142,8291.285714285714,9196.0,False,Relief,8254,-99,1.164358377252106,-221.28571428571428,1.8048780487804879,180.4878048780488,False,False,180.4878048780488,False,False,Elevated,False,7,2024
2024-01-23,128,228,177,8133,202,8361,-25,1.296341167918591,-158.42857142857142,-204.78571428571428,8217.142857142857,9012.357142857143,False,Relief,8361,-25,1.296341167918591,-158.42857142857142,1.1412429378531073,114.12429378531073,False,False,114.12429378531073,False,False,Elevated,False,7,2024
2024-01-24,90,196,205,8212,243,8408,-38,0.5621337160626627,-135.28571428571428,-198.07142857142858,8263.142857142857,8833.357142857143,False,Relief,8408,-38,0.5621337160626627,-135.28571428571428,1.1853658536585365,118.53658536585365,False,False,118.53658536585365,False,False,Elevated,False,7,2024
2024-01-25,102,189,155,8180,293,8369,-138,-0.4638439581351128,-133.71428571428572,-194.07142857142858,8289.857142857143,8666.142857142857,False,Relief,8369,-138,0.4638439581351128,-133.71428571428572,1.8903225806451613,189.03225806451613,False,False,189.03225806451613,False,False,Elevated,False,7,2024
2024-01-28,120,257,126,8004,307,8261,-181,-1.2904767594694722,-127.0,-190.5,8291.714285714286,8557.07142857143,False,Relief,8261,-181,1.2904767594694722,-127.0,2.4365079365079363,243.65079365079362,False,False,243.65079365079362,False,False,Elevated,False,7,2024
2024-01-29,137,272,166,8057,195,8329,-29,0.8231448977121358,-103.28571428571429,-174.71428571428572,8305.857142857143,8456.714285714286,False,Relief,8329,-29,0.8231448977121358,-103.28571428571429,1.1746987951807228,117.46987951807229,False,False,117.46987951807229,False,False,Elevated,False,7,2024
2024-01-30,93,198,208,8182,187,8380,21,0.6123184055708997,-69.85714285714286,-156.5,8337.42857142857,8383.285714285714,False,Relief,8380,21,0.6123184055708997,-69.85714285714286,0.8990384615384616,89.90384615384616,False,False,89.90384615384616,False,False,Elevated,False,7,2024
2024-01-31,203,477,258,8153,266,8630,-8,2.9832935560859086,-56.857142857142854,-139.07142857142858,8391.142857142857,8341.214285714286,False,Relief,8630,-8,2.9832935560859086,-56.857142857142854,1.0310077519379846,103.10077519379846,False,False,103.10077519379846,False,False,Elevated,False,7,2024
2024-02-01,222,459,289,8026,337,8485,-48,-1.6801853997682525,-60.142857142857146,-109.28571428571429,8408.857142857143,8313.0,False,Relief,8485,-48,1.6801853997682525,-60.142857142857146,1.166089965397924,116.6089965397924,False,False,116.6089965397924,False,False,Elevated,False,7,2024
2024-02-04,253,531,248,7813,342,8344,-94,-1.6617560400707165,-68.14285714285714,-101.71428571428571,8399.714285714286,8331.42857142857,False,Relief,8344,-94,1.6617560400707165,-68.14285714285714,1.3790322580645162,137.90322580645162,False,False,137.90322580645162,False,False,Elevated,False,7,2024
2024-02-05,157,466,345,7872,242,8338,103,-0.07190795781399917,-33.714285714285715,-83.71428571428571,8395.285714285714,8342.57142857143,False,Relief,8338,103,0.07190795781399917,-33.714285714285715,0.7014492753623188,70.14492753623188,False,False,70.14492753623188,False,False,Elevated,False,7,2024
2024-02-06,291,455,323,8045,178,8500,145,1.9429119692971897,12.857142857142858,-57.07142857142857,8429.42857142857,8360.57142857143,True,Moderate Pressure,8500,145,1.9429119692971897,12.857142857142858,0.5510835913312694,55.10835913312694,False,False,55.10835913312694,False,False,Elevated,False,7,2024
2024-02-07,227,453,330,8160,222,8613,108,1.32941176470589,32.42857142857143,-35.42857142857143,8470.0,8387.92857142857,True,Moderate Pressure,8613,108,1.32941176470589,32.42857142857143,0.6727272727272727,67.27272727272727,False,False,67.27272727272727,False,False,Elevated,False,7,2024
2024-02-08,298,499,358,8188,315,8687,43,0.8591663764077495,35.57142857142857,-17.142857142857142,8513.857142857143,8425.642857142857,True,Moderate Pressure,8687,43,0.8591663764077495,35.57142857142857,0.8798882681564246,87.98882681564247,False,False,87.98882681564247,False,False,Elevated,False,7,2024
2024-02-11,205,515,226,8056,347,8571,-121,-1.3353286520087493,19.428571428571427,-18.714285714285715,8505.42857142857,8448.285714285714,True,Moderate Pressure,8571,-121,1.3353286520087493,19.428571428571427,1.5353982300884956,153.53982300884957,False,False,153.53982300884957,False,False,Elevated,False,7,2024
2024-02-12,213,430,440,8092,234,8522,206,-0.5716952514292384,55.714285714285715,-2.2142857142857144,8510.714285714286,8459.785714285714,True,High Pressure,8522,206,0.5716952514292384,55.714285714285715,0.5318181818181819,53.18181818181819,False,False,53.18181818181819,False,False,Elevated,False,7,2024
2024-02-13,227,369,349,8348,160,8717,189,2.2881952593287957,96.14285714285714,14.0,8564.0,8481.857142857143,True,High Pressure,8717,189,2.2881952593287957,96.14285714285714,0.4584527220630373,45.845272206303726,False,False,45.845272206303726,False,False,Elevated,False,7,2024
2024-02-14,185,322,272,8512,230,8834,42,1.3422048870024073,87.42857142857143,26.857142857142858,8634.857142857143,8515.07142857143,True,High Pressure,8834,42,1.3422048870024073,87.42857142857143,0.8455882352941176,84.55882352941177,False,False,84.55882352941177,False,False,Elevated,False,7,2024
2024-02-15,333,508,272,8463,312,8971,-40,1.5508263527280963,61.0,36.92857142857143,8702.142857142857,8565.785714285714,True,High Pressure,8971,-40,1.5508263527280963,61.0,1.1470588235294117,114.70588235294117,False,False,114.70588235294117,False,False,Elevated,False,7,2024
2024-02-19,249,420,371,8380,218,8800,153,-1.9061420131535,67.42857142857143,49.92857142857143,8728.857142857143,8599.42857142857,True,High Pressure,8800,153,1.9061420131535,67.42857142857143,0.5876010781671159,58.760107816711596,False,False,58.760107816711596,False,False,Elevated,False,7,2024
2024-02-20,149,395,273,8488,192,8883,81,0.9431818181818263,72.85714285714286,54.214285714285715,8756.857142857143,8635.357142857143,True,High Pressure,8883,81,0.9431818181818263,72.85714285714286,0.7032967032967034,70.32967032967034,False,False,70.32967032967034,False,False,Elevated,False,7,2024
2024-02-21,232,430,318,8573,231,9003,87,1.3508949679162496,102.57142857142857,61.0,8818.57142857143,8662.0,True,High Pressure,9003,87,1.3508949679162496,102.57142857142857,0.7264150943396226,72.64150943396226,False,False,72.64150943396226,False,False,Elevated,False,7,2024
2024-02-22,165,400,292,8607,293,9007,-1,0.04442963456625648,73.0,64.35714285714286,8887.857142857143,8699.285714285714,True,High Pressure,9007,-1,0.04442963456625648,73.0,1.0034246575342465,100.34246575342465,False,False,100.34246575342465,False,False,Elevated,False,7,2024
2024-02-25,244,482,366,8404,329,8886,37,-1.3433995781059194,51.285714285714285,73.71428571428571,8912.0,8738.0,True,High Pressure,8886,37,1.3433995781059194,51.285714285714285,0.8989071038251366,89.89071038251366,False,False,89.89071038251366,False,False,Elevated,False,7,2024
2024-02-26,199,438,326,8404,329,8842,-3,-0.4951609273013746,44.857142857142854,66.14285714285714,8913.142857142857,8774.0,True,Moderate Pressure,8842,-3,0.4951609273013746,44.857142857142854,1.00920245398773,100.920245398773,False,False,100.920245398773,False,False,Elevated,False,7,2024
2024-02-27,197,369,306,8650,206,9019,100,2.0018095453517404,64.85714285714286,62.92857142857143,8920.0,8811.07142857143,True,High Pressure,9019,100,2.0018095453517404,64.85714285714286,0.673202614379085,67.3202614379085,False,False,67.3202614379085,False,False,Elevated,False,7,2024
2024-02-28,209,447,274,8699,257,9146,17,1.4081383745426335,45.42857142857143,56.42857142857143,8969.42857142857,8849.142857142857,True,Moderate Pressure,9146,17,1.4081383745426335,45.42857142857143,0.9379562043795621,93.7956204379562,False,False,93.7956204379562,False,False,Elevated,False,7,2024
2024-02-29,262,444,354,8724,299,9168,55,0.2405423135797058,41.714285714285715,57.285714285714285,9010.142857142857,8883.5,True,Moderate Pressure,9168,55,0.2405423135797058,41.714285714285715,0.844632768361582,84.4632768361582,False,False,84.4632768361582,False,False,Elevated,False,7,2024
2024-03-03,236,468,347,8594,354,9062,-7,-1.1561954624781823,28.285714285714285,65.42857142857143,9018.57142857143,8918.57142857143,True,Moderate Pressure,9062,-7,1.1561954624781823,28.285714285714285,1.0201729106628241,102.01729106628241,False,False,102.01729106628241,False,False,Elevated,False,7,2024
2024-03-04,225,509,340,8660,229,9169,111,1.1807548002648494,44.285714285714285,58.642857142857146,9041.714285714286,8964.785714285714,True,Moderate Pressure,9169,111,1.1807548002648494,44.285714285714285,0.6735294117647059,67.3529411764706,False,False,67.3529411764706,False,False,Elevated,False,7,2024
2024-03-05,246,472,345,8800,214,9272,131,1.12335041989311,57.714285714285715,54.5,9096.857142857143,9004.42857142857,True,High Pressure,9272,131,1.12335041989311,57.714285714285715,0.6202898550724638,62.02898550724638,False,False,62.02898550724638,False,False,Elevated,False,7,2024
2024-03-06,230,457,277,8870,232,9327,45,0.5931837791199213,64.57142857142857,54.714285714285715,9166.142857142857,9039.642857142857,True,High Pressure,9327,45,0.5931837791199213,64.57142857142857,0.8375451263537906,83.75451263537906,False,False,83.75451263537906,False,False,Elevated,False,7,2024
2024-03-07,181,424,328,8902,305,9326,23,-0.010721561059290341,53.57142857142857,59.214285714285715,9210.0,9065.0,True,High Pressure,9326,23,0.010721561059290341,53.57142857142857,0.9298780487804879,92.98780487804879,False,False,92.98780487804879,False,False,Elevated,False,7,2024
2024-03-10,190,368,326,8714,373,9082,-47,-2.6163414111087246,44.42857142857143,44.92857142857143,9200.857142857143,9085.142857142857,True,Moderate Pressure,9082,-47,2.6163414111087246,44.42857142857143,1.1441717791411044,114.41717791411044,False,False,114.41717791411044,False,False,Elevated,False,7,2024
2024-03-11,178,336,290,8757,253,9093,37,0.12111869632238648,41.857142857142854,41.785714285714285,9190.142857142857,9100.142857142857,True,Moderate Pressure,9093,37,0.12111869632238648,41.857142857142854,0.8724137931034482,87.24137931034483,False,False,87.24137931034483,False,False,Elevated,False,7,2024
2024-03-12,154,294,290,8843,213,9137,77,0.4838887055977015,53.857142857142854,41.07142857142857,9200.857142857143,9109.714285714286,True,High Pressure,9137,77,0.4838887055977015,53.857142857142854,0.7344827586206897,73.44827586206897,False,False,73.44827586206897,False,False,Elevated,False,7,2024
2024-03-13,165,358,167,8819,239,9177,-72,0.43778045310276514,27.714285714285715,36.0,9202.0,9121.857142857143,True,Moderate Pressure,9177,-72,0.43778045310276514,27.714285714285715,1.4311377245508983,143.11377245508982,False,False,143.11377245508982,False,False,Elevated,False,7,2024
2024-03-14,166,301,252,8695,310,8996,-58,-1.9723221096218824,0.7142857142857143,29.214285714285715,9162.57142857143,9129.714285714286,True,Moderate Pressure,8996,-58,1.9723221096218824,0.7142857142857143,1.2301587301587302,123.01587301587303,False,False,123.01587301587303,False,False,Elevated,False,7,2024
2024-03-17,127,260,259,8373,342,8633,-83,-4.035126722987991,-17.571428571428573,23.5,9063.42857142857,9114.785714285714,False,Relief,8633,-83,4.035126722987991,-17.571428571428573,1.3204633204633205,132.04633204633205,False,False,132.04633204633205,False,False,Elevated,False,7,2024
2024-03-18,123,243,188,8333,283,8576,-95,-0.6602571527858259,-34.42857142857143,9.571428571428571,8956.285714285714,9083.142857142857,False,Relief,8576,-95,0.6602571527858259,-34.42857142857143,1.5053191489361701,150.531914893617,False,False,150.531914893617,False,False,Elevated,False,7,2024
2024-03-19,99,202,256,8390,197,8592,59,0.1865671641791078,-19.285714285714285,12.571428571428571,8886.285714285714,9043.57142857143,False,Relief,8592,59,0.1865671641791078,-19.285714285714285,0.76953125,76.953125,False,False,76.953125,False,False,Elevated,False,7,2024
2024-03-20,91,181,174,8365,227,8546,-53,-0.5353817504655467,-32.142857142857146,4.857142857142857,8808.142857142857,8999.142857142857,False,Relief,8546,-53,0.5353817504655467,-32.142857142857146,1.3045977011494252,130.45977011494253,False,False,130.45977011494253,False,False,Elevated,False,7,2024
2024-03-21,132,261,141,8292,235,8553,-94,0.08190966534051825,-56.57142857142857,-1.3571428571428572,8724.714285714286,8962.785714285714,False,Relief,8553,-94,0.08190966534051825,-56.57142857142857,1.6666666666666667,166.66666666666669,False,False,166.66666666666669,False,False,Elevated,False,7,2024
2024-03-24,124,264,221,7899,373,8163,-152,-4.559803577692034,-68.0,-20.142857142857142,8579.857142857143,8890.92857142857,False,Relief,8163,-152,4.559803577692034,-68.0,1.6877828054298643,168.77828054298644,False,False,168.77828054298644,False,False,Normal,False,7,2024
2024-03-25,128,242,224,7899,229,8141,-5,-0.26950875903466454,-60.42857142857143,-29.857142857142858,8457.714285714286,8810.142857142857,False,Relief,8141,-5,0.26950875903466454,-60.42857142857143,1.0223214285714286,102.23214285714286,False,False,102.23214285714286,False,False,Normal,False,7,2024
2024-03-26,187,276,200,7919,208,8195,-8,0.6633091757769272,-49.714285714285715,-33.642857142857146,8395.142857142857,8729.285714285714,False,Relief,8195,-8,0.6633091757769272,-49.714285714285715,1.04,104.0,False,False,104.0,False,False,Normal,False,7,2024
2024-03-27,129,287,185,7893,215,8180,-30,-0.18303843807199183,-40.42857142857143,-37.42857142857143,8338.57142857143,8647.42857142857,False,Relief,8180,-30,0.18303843807199183,-40.42857142857143,1.162162162162162,116.21621621621621,False,False,116.21621621621621,False,False,Normal,False,7,2024
2024-03-28,161,288,248,7762,360,8050,-112,-1.58924205378973,-64.85714285714286,-42.07142857142857,8261.142857142857,8573.714285714286,False,Relief,8050,-112,1.58924205378973,-64.85714285714286,1.4516129032258065,145.16129032258064,False,False,145.16129032258064,False,False,Normal,False,7,2024
2024-03-31,105,254,151,7257,287,7511,-136,-6.695652173913047,-76.71428571428571,-54.42857142857143,8113.285714285715,8460.714285714286,False,Relief,7511,-136,6.695652173913047,-76.71428571428571,1.900662251655629,190.0662251655629,False,False,190.0662251655629,False,False,Normal,False,7,2024
2024-04-01,109,235,171,7271,172,7506,-1,-0.06656903208627218,-63.42857142857143,-60.0,7963.714285714285,8344.214285714286,False,Relief,7506,-1,0.06656903208627218,-63.42857142857143,1.0058479532163742,100.58479532163742,False,False,100.58479532163742,False,False,Normal,False,7,2024
2024-04-02,101,230,175,7340,132,7570,43,0.8526512123634422,-35.57142857142857,-51.785714285714285,7879.0,8229.42857142857,False,Relief,7570,43,0.8526512123634422,-35.57142857142857,0.7542857142857143,75.42857142857143,False,False,75.42857142857143,False,False,Normal,False,7,2024
2024-04-03,124,230,190,7346,163,7576,27,0.07926023778070945,-31.0,-45.714285714285715,7798.285714285715,8128.0,False,Relief,7576,27,0.07926023778070945,-31.0,0.8578947368421053,85.78947368421052,False,False,85.78947368421052,False,False,Normal,False,7,2024
2024-04-04,95,226,152,7317,225,7543,-73,-0.4355860612460405,-40.285714285714285,-45.0,7705.142857142857,8050.142857142857,False,Relief,7543,-73,0.4355860612460405,-40.285714285714285,1.480263157894737,148.0263157894737,False,False,148.0263157894737,False,False,Normal,False,7,2024
2024-04-07,106,239,233,6982,279,7221,-46,-4.268858544345755,-42.57142857142857,-41.5,7568.142857142857,7953.357142857143,False,Relief,7221,-46,4.268858544345755,-42.57142857142857,1.1974248927038627,119.74248927038627,False,False,119.74248927038627,False,False,Normal,False,7,2024
2024-04-08,102,230,167,6988,199,7218,-32,-0.041545492314087884,-31.142857142857142,-48.0,7449.285714285715,7855.214285714285,False,Relief,7218,-32,0.041545492314087884,-31.142857142857142,1.1916167664670658,119.16167664670658,False,False,119.16167664670658,False,False,Normal,False,7,2024
2024-04-09,118,231,217,7043,130,7274,87,0.775838182321964,0.7142857142857143,-38.0,7415.428571428572,7764.357142857143,True,Moderate Pressure,7274,87,0.775838182321964,0.7142857142857143,0.5990783410138248,59.907834101382484,False,False,59.907834101382484,False,False,Normal,False,7,2024
2024-04-10,117,244,142,6999,227,7243,-85,-0.42617541930162206,-11.285714285714286,-37.357142857142854,7377.857142857143,7670.785714285715,False,Relief,7243,-85,0.42617541930162206,-11.285714285714286,1.5985915492957747,159.85915492957747,False,False,159.85915492957747,False,False,Normal,False,7,2024
2024-04-11,183,221,220,6912,285,7133,-65,-1.518707717796497,-26.714285714285715,-31.142857142857142,7315.428571428572,7597.214285714285,False,Relief,7133,-65,1.518707717796497,-26.714285714285715,1.2954545454545454,129.54545454545453,False,False,129.54545454545453,False,False,Normal,False,7,2024
2024-04-14,128,245,243,6630,290,6875,-47,-3.6169914481985144,-37.285714285714285,-34.142857142857146,7215.285714285715,7506.785714285715,False,Relief,6875,-47,3.6169914481985144,-37.285714285714285,1.1934156378600822,119.34156378600822,False,False,119.34156378600822,False,False,Normal,False,7,2024
2024-04-15,144,303,176,6681,191,6984,-15,1.5854545454545566,-29.0,-34.642857142857146,7135.428571428572,7420.285714285715,False,Relief,6984,-15,1.5854545454545566,-29.0,1.0852272727272727,108.52272727272727,False,False,108.52272727272727,False,False,Normal,False,7,2024
2024-04-16,219,392,205,6685,163,7077,42,1.3316151202749094,-16.428571428571427,-29.5,7114.857142857143,7341.5,False,Relief,7077,42,1.3316151202749094,-16.428571428571427,0.7951219512195122,79.51219512195122,False,False,79.51219512195122,False,False,Normal,False,7,2024
2024-04-17,182,371,274,6725,227,7096,47,0.2684753426593245,-5.142857142857143,-18.142857142857142,7097.428571428572,7273.357142857143,False,Relief,7096,47,0.2684753426593245,-5.142857142857143,0.8284671532846716,82.84671532846716,False,False,82.84671532846716,False,False,Normal,False,7,2024
2024-04-18,144,322,258,6728,260,7050,-2,-0.6482525366403591,-17.857142857142858,-8.571428571428571,7065.428571428572,7240.428571428572,False,Relief,7050,-2,0.6482525366403591,-17.857142857142858,1.0077519379844961,100.7751937984496,False,False,100.7751937984496,False,False,Normal,False,7,2024
2024-04-21,208,380,343,6745,240,7125,103,1.0638297872340496,9.0,-1.1428571428571428,7048.571428571428,7213.214285714285,True,Moderate Pressure,7125,103,1.0638297872340496,9.0,0.6997084548104956,69.97084548104957,False,False,69.97084548104957,False,False,Normal,False,7,2024
2024-04-22,176,424,251,6799,214,7223,37,1.3754385964912297,23.571428571428573,-1.5714285714285714,7061.428571428572,7188.428571428572,True,Moderate Pressure,7223,37,1.3754385964912297,23.571428571428573,0.852589641434263,85.2589641434263,False,False,85.2589641434263,False,False,Normal,False,7,2024
2024-04-23,252,427,307,6967,134,7394,173,2.367437352900459,55.0,8.857142857142858,7135.571428571428,7175.428571428572,True,High Pressure,7394,173,2.367437352900459,55.0,0.4364820846905538,43.648208469055376,False,False,43.648208469055376,False,False,Normal,False,7,2024
2024-04-24,253,411,307,7128,154,7539,153,1.9610494995942584,79.0,25.0,7214.857142857143,7175.142857142857,True,High Pressure,7539,153,1.9610494995942584,79.0,0.501628664495114,50.1628664495114,False,False,50.1628664495114,False,False,Normal,False,7,2024
2024-04-25,145,357,333,7209,217,7566,116,0.35813768404298063,89.57142857142857,36.57142857142857,7284.714285714285,7199.785714285715,True,High Pressure,7566,116,0.35813768404298063,89.57142857142857,0.6516516516516516,65.16516516516516,False,False,65.16516516516516,False,False,Normal,False,7,2024
2024-04-28,158,349,365,7298,250,7647,115,1.0705789056304482,99.28571428571429,47.07142857142857,7363.428571428572,7230.428571428572,True,High Pressure,7647,115,1.0705789056304482,99.28571428571429,0.684931506849315,68.4931506849315,False,False,68.4931506849315,False,False,Normal,False,7,2024
2024-04-29,140,292,255,7373,187,7665,68,0.23538642604943316,109.28571428571429,45.714285714285715,7451.285714285715,7258.357142857143,True,High Pressure,7665,68,0.23538642604943316,109.28571428571429,0.7333333333333333,73.33333333333333,False,False,73.33333333333333,False,False,Normal,False,7,2024
2024-04-30,220,443,194,7431,135,7874,59,2.726679712981084,103.0,56.0,7558.285714285715,7303.428571428572,True,High Pressure,7874,59,2.726679712981084,103.0,0.6958762886597938,69.58762886597938,False,False,69.58762886597938,False,False,Normal,False,7,2024
2024-05-01,197,437,295,7508,190,7945,105,0.9017018034036095,112.71428571428571,68.14285714285714,7661.428571428572,7361.428571428572,True,High Pressure,7945,105,0.9017018034036095,112.71428571428571,0.6440677966101694,64.40677966101694,False,False,64.40677966101694,False,False,Normal,False,7,2024
2024-05-02,206,411,293,7577,194,7988,99,0.5412208936437901,102.14285714285714,78.57142857142857,7746.285714285715,7440.928571428572,True,High Pressure,7988,99,0.5412208936437901,102.14285714285714,0.6621160409556314,66.21160409556313,False,False,66.21160409556313,False,False,Normal,False,7,2024
2024-05-05,150,315,228,7447,332,7762,-104,-2.829243865798703,65.42857142857143,72.21428571428571,7778.142857142857,7496.5,True,High Pressure,7762,-104,2.829243865798703,65.42857142857143,1.456140350877193,145.61403508771932,False,False,145.61403508771932,False,False,Normal,False,7,2024
2024-05-06,173,337,211,7449,205,7786,6,0.30919866013914277,49.714285714285715,69.64285714285714,7809.571428571428,7547.142857142857,True,Moderate Pressure,7786,6,0.30919866013914277,49.714285714285715,0.9715639810426541,97.1563981042654,False,False,97.1563981042654,False,False,Normal,False,7,2024
2024-05-07,176,334,246,7566,163,7900,83,1.4641664526072518,45.142857142857146,72.21428571428571,7845.714285714285,7604.571428571428,True,Moderate Pressure,7900,83,1.4641664526072518,45.142857142857146,0.6626016260162602,66.26016260162602,False,False,66.26016260162602,False,False,Normal,False,7,2024
2024-05-08,167,374,205,7583,202,7957,3,0.7215189873417627,35.857142857142854,72.57142857142857,7887.428571428572,7669.357142857143,True,Moderate Pressure,7957,3,0.7215189873417627,35.857142857142854,0.9853658536585366,98.53658536585365,False,False,98.53658536585365,False,False,Normal,False,7,2024
2024-05-09,138,285,268,7570,244,7855,24,-1.2818901596078902,30.857142857142858,66.92857142857143,7884.714285714285,7721.5,True,Moderate Pressure,7855,24,1.2818901596078902,30.857142857142858,0.9104477611940298,91.04477611940298,False,False,91.04477611940298,False,False,Normal,False,7,2024
2024-05-12,138,301,263,7464,245,7765,18,-1.145767027371103,18.428571428571427,65.57142857142857,7859.0,7760.214285714285,True,Moderate Pressure,7765,18,1.145767027371103,18.428571428571427,0.9315589353612167,93.15589353612167,False,False,93.15589353612167,False,False,Normal,False,7,2024
2024-05-13,112,331,167,7499,157,7830,10,0.8370895041854398,5.714285714285714,53.92857142857143,7836.428571428572,7791.357142857143,True,Moderate Pressure,7830,10,0.8370895041854398,5.714285714285714,0.9401197604790419,94.01197604790418,False,False,94.01197604790418,False,False,Normal,False,7,2024
2024-05-14,246,419,218,7546,186,7965,32,1.724137931034475,25.142857142857142,45.285714285714285,7865.428571428572,7821.785714285715,True,Moderate Pressure,7965,32,1.724137931034475,25.142857142857142,0.8532110091743119,85.3211009174312,False,False,85.3211009174312,False,False,Normal,False,7,2024
2024-05-15,115,285,341,7589,265,7874,76,-1.1424984306340202,35.142857142857146,42.42857142857143,7878.0,7843.785714285715,True,Moderate Pressure,7874,76,1.1424984306340202,35.142857142857146,0.7771260997067448,77.71260997067448,False,False,77.71260997067448,False,False,Normal,False,7,2024
2024-05-16,206,340,214,7565,234,7905,-20,0.3937007874015741,20.428571428571427,32.785714285714285,7878.714285714285,7862.214285714285,True,Moderate Pressure,7905,-20,0.3937007874015741,20.428571428571427,1.0934579439252337,109.34579439252336,False,False,109.34579439252336,False,False,Normal,False,7,2024
2024-05-19,143,295,278,7356,298,7651,-20,-3.2131562302340266,17.142857142857142,26.5,7835.0,7861.214285714285,True,Moderate Pressure,7651,-20,3.2131562302340266,17.142857142857142,1.0719424460431655,107.19424460431655,False,False,107.19424460431655,False,False,Normal,False,7,2024
2024-05-20,111,268,217,7368,192,7636,25,-0.19605280355509125,17.285714285714285,24.071428571428573,7803.714285714285,7844.214285714285,True,Moderate Pressure,7636,25,0.19605280355509125,17.285714285714285,0.8847926267281107,88.47926267281106,False,False,88.47926267281106,False,False,Normal,False,7,2024
2024-05-21,196,348,176,7404,145,7752,31,1.5191199580932402,19.142857142857142,18.785714285714285,7801.857142857143,7830.428571428572,True,Moderate Pressure,7752,31,1.5191199580932402,19.142857142857142,0.8238636363636364,82.38636363636364,False,False,82.38636363636364,False,False,Normal,False,7,2024
2024-05-22,168,349,272,7474,208,7823,64,0.9158926728586092,26.857142857142858,16.285714285714285,7800.857142857143,7818.642857142857,True,Moderate Pressure,7823,64,0.9158926728586092,26.857142857142858,0.7647058823529411,76.47058823529412,False,False,76.47058823529412,False,False,Normal,False,7,2024
2024-05-23,193,272,314,7494,227,7766,87,-0.7286207337338646,34.714285714285715,29.928571428571427,7772.428571428572,7818.928571428572,True,Moderate Pressure,7766,87,0.7286207337338646,34.714285714285715,0.7229299363057324,72.29299363057325,False,False,72.29299363057325,False,False,Normal,False,7,2024
2024-05-27,156,344,252,7365,167,7709,85,-0.7339685809940821,36.0,35.57142857142857,7748.857142857143,7813.428571428572,True,Moderate Pressure,7709,85,0.7339685809940821,36.0,0.6626984126984127,66.26984126984127,False,False,66.26984126984127,False,False,Normal,False,7,2024
2024-05-28,153,348,239,7418,151,7766,88,0.7393955117395157,51.42857142857143,35.92857142857143,7729.0,7803.857142857143,True,High Pressure,7766,88,0.7393955117395157,51.42857142857143,0.6317991631799164,63.17991631799163,False,False,63.17991631799163,False,False,Normal,False,7,2024
2024-05-29,182,462,158,7491,141,7953,17,2.4079320113314484,56.714285714285715,36.92857142857143,7772.142857142857,7803.571428571428,True,High Pressure,7953,17,2.4079320113314484,56.714285714285715,0.8924050632911392,89.24050632911393,False,False,89.24050632911393,False,False,Normal,False,7,2024
2024-05-30,167,406,339,7563,190,7969,149,0.20118194392053645,74.42857142857143,45.857142857142854,7819.714285714285,7811.714285714285,True,High Pressure,7969,149,0.20118194392053645,74.42857142857143,0.56047197640118,56.04719764011799,False,False,56.04719764011799,False,False,Normal,False,7,2024
2024-06-02,159,330,322,7546,306,7876,16,-1.1670222110678918,72.28571428571429,45.714285714285715,7837.428571428572,7819.642857142857,True,High Pressure,7876,16,1.1670222110678918,72.28571428571429,0.9503105590062112,95.03105590062113,False,False,95.03105590062113,False,False,Normal,False,7,2024
2024-06-03,109,244,257,7596,224,7840,33,-0.45708481462671813,67.85714285714286,47.357142857142854,7839.857142857143,7820.357142857143,True,High Pressure,7840,33,0.45708481462671813,67.85714285714286,0.8715953307392996,87.15953307392996,False,False,87.15953307392996,False,False,Normal,False,7,2024
2024-06-04,260,356,176,7565,203,7921,-27,1.033163265306114,51.57142857142857,43.142857142857146,7862.0,7817.214285714285,True,High Pressure,7921,-27,1.033163265306114,51.57142857142857,1.1534090909090908,115.34090909090908,False,False,115.34090909090908,False,False,Normal,False,7,2024
2024-06-05,173,345,291,7691,198,8036,93,1.4518368892816547,52.714285714285715,44.357142857142854,7908.714285714285,7828.785714285715,True,High Pressure,8036,93,1.4518368892816547,52.714285714285715,0.6804123711340206,68.04123711340206,False,False,68.04123711340206,False,False,Normal,False,7,2024
2024-06-06,179,326,282,7741,238,8067,44,0.3857640617222602,46.42857142857143,48.92857142857143,7951.714285714285,7840.357142857143,True,Moderate Pressure,8067,44,0.3857640617222602,46.42857142857143,0.8439716312056738,84.39716312056737,False,False,84.39716312056737,False,False,Normal,False,7,2024
2024-06-09,116,289,166,7451,312,7740,-146,-4.0535515061361105,23.142857142857142,39.92857142857143,7921.285714285715,7846.714285714285,True,Moderate Pressure,7740,-146,4.0535515061361105,23.142857142857142,1.8795180722891567,187.95180722891567,False,False,187.95180722891567,False,False,Normal,False,7,2024
2024-06-10,184,334,229,7439,212,7773,17,0.426356589147292,4.285714285714286,39.357142857142854,7893.285714285715,7856.5,True,Moderate Pressure,7773,17,0.426356589147292,4.285714285714286,0.925764192139738,92.57641921397381,False,False,92.57641921397381,False,False,Normal,False,7,2024
2024-06-11,186,352,224,7493,156,7845,68,0.9262832883056626,11.714285714285714,42.0,7888.857142857143,7863.142857142857,True,Moderate Pressure,7845,68,0.9262832883056626,11.714285714285714,0.6964285714285714,69.64285714285714,False,False,69.64285714285714,False,False,Normal,False,7,2024
2024-06-12,152,266,274,7548,212,7814,62,-0.39515615041427754,15.857142857142858,41.857142857142854,7885.142857142857,7862.5,True,Moderate Pressure,7814,62,0.39515615041427754,15.857142857142858,0.7737226277372263,77.37226277372264,False,False,77.37226277372264,False,False,Normal,False,7,2024
2024-06-13,167,293,230,7544,259,7837,-29,0.2943434860506855,15.571428571428571,33.57142857142857,7873.142857142857,7867.571428571428,True,Moderate Pressure,7837,-29,0.2943434860506855,15.571428571428571,1.126086956521739,112.6086956521739,False,False,112.6086956521739,False,False,Normal,False,7,2024
2024-06-16,204,315,233,7307,294,7622,-61,-2.7433967079239507,-6.428571428571429,23.142857142857142,7814.0,7861.357142857143,False,Relief,7622,-61,2.7433967079239507,-6.428571428571429,1.261802575107296,126.1802575107296,False,False,126.1802575107296,False,False,Normal,False,7,2024
2024-06-17,159,310,272,7318,224,7628,48,0.07871949619522312,-5.857142857142857,20.285714285714285,7751.285714285715,7851.5,False,Relief,7628,48,0.07871949619522312,-5.857142857142857,0.8235294117647058,82.35294117647058,False,False,82.35294117647058,False,False,Normal,False,7,2024
2024-06-18,160,297,253,7340,214,7637,39,0.11798636601991763,20.571428571428573,21.857142857142858,7736.571428571428,7828.928571428572,True,Moderate Pressure,7637,39,0.11798636601991763,20.571428571428573,0.8458498023715415,84.58498023715416,False,False,84.58498023715416,False,False,Normal,False,7,2024
2024-06-19,204,321,246,7433,198,7754,48,1.5320151892104228,25.0,14.642857142857142,7733.857142857143,7813.571428571428,True,Moderate Pressure,7754,48,1.5320151892104228,25.0,0.8048780487804879,80.48780487804879,False,False,80.48780487804879,False,False,Normal,False,7,2024
2024-06-20,145,247,243,7431,235,7678,8,-0.9801392829507316,16.428571428571427,14.071428571428571,7710.0,7799.428571428572,True,Moderate Pressure,7678,8,0.9801392829507316,16.428571428571427,0.9670781893004116,96.70781893004116,False,False,96.70781893004116,False,False,Normal,False,7,2024
2024-06-23,102,227,201,7247,294,7474,-93,-2.6569419119562343,-5.714285714285714,5.071428571428571,7661.428571428572,7773.285714285715,False,Relief,7474,-93,2.6569419119562343,-5.714285714285714,1.462686567164179,146.26865671641792,False,False,146.26865671641792,False,False,Normal,False,7,2024
2024-06-24,116,175,172,7239,202,7414,-30,-0.8027829810008047,-5.857142857142857,4.857142857142857,7601.0,7737.071428571428,False,Relief,7414,-30,0.8027829810008047,-5.857142857142857,1.1744186046511629,117.44186046511629,False,False,117.44186046511629,False,False,Normal,False,7,2024
2024-06-25,172,263,191,7239,202,7502,-11,1.1869436201780381,1.2857142857142858,-2.5714285714285716,7583.857142857143,7698.928571428572,True,Moderate Pressure,7502,-11,1.1869436201780381,1.2857142857142858,1.057591623036649,105.75916230366491,False,False,105.75916230366491,False,False,Normal,False,7,2024
2024-06-26,132,235,197,7268,187,7503,10,0.013329778725679198,-4.142857142857143,-5.0,7566.0,7658.642857142857,False,Relief,7503,10,0.013329778725679198,-4.142857142857143,0.949238578680203,94.9238578680203,False,False,94.9238578680203,False,False,Normal,False,7,2024
2024-06-27,174,208,256,7248,268,7456,-12,-0.6264161002265789,-11.428571428571429,4.571428571428571,7540.142857142857,7638.357142857143,False,Relief,7456,-12,0.6264161002265789,-11.428571428571429,1.046875,104.6875,False,False,104.6875,False,False,Normal,False,7,2024
2024-06-30,123,230,167,6874,273,7104,-106,-4.72103004291845,-33.42857142857143,-4.214285714285714,7447.285714285715,7590.571428571428,False,Relief,7104,-106,4.72103004291845,-33.42857142857143,1.6347305389221556,163.47305389221555,False,False,163.47305389221555,False,False,Normal,False,7,2024
2024-07-01,123,233,159,6825,229,7058,-70,-0.6475225225225256,-44.57142857142857,-14.071428571428571,7358.714285714285,7534.357142857143,False,Relief,7058,-70,0.6475225225225256,-44.57142857142857,1.440251572327044,144.0251572327044,False,False,144.0251572327044,False,False,Normal,False,7,2024
2024-07-02,141,232,188,6823,184,7055,4,-0.042504958911870894,-30.714285714285715,-18.214285714285715,7298.857142857143,7480.142857142857,False,Relief,7055,4,0.042504958911870894,-30.714285714285715,0.9787234042553191,97.87234042553192,False,False,97.87234042553192,False,False,Normal,False,7,2024
2024-07-04,158,226,191,6790,225,7016,-34,-0.5527994330262187,-31.285714285714285,-18.571428571428573,7242.0,7421.5,False,Relief,7016,-34,0.5527994330262187,-31.285714285714285,1.1780104712041886,117.80104712041886,False,False,117.80104712041886,False,False,Normal,False,7,2024
2024-07-07,96,160,233,6599,213,6759,20,-3.6630558722919093,-26.857142857142858,-12.785714285714286,7135.857142857143,7359.857142857143,False,Relief,6759,20,3.6630558722919093,-26.857142857142858,0.9141630901287554,91.41630901287554,False,False,91.41630901287554,False,False,Normal,False,7,2024
2024-07-08,141,173,129,6617,123,6790,6,0.458647728953987,-27.428571428571427,-15.785714285714286,7034.0,7300.0,False,Relief,6790,6,0.458647728953987,-27.428571428571427,0.9534883720930233,95.34883720930233,False,False,95.34883720930233,False,False,Normal,False,7,2024
2024-07-09,116,181,182,6651,130,6832,52,0.6185567010309256,-18.285714285714285,-14.857142857142858,6944.857142857143,7242.5,False,Relief,6832,52,0.6185567010309256,-18.285714285714285,0.7142857142857143,71.42857142857143,False,False,71.42857142857143,False,False,Normal,False,7,2024
2024-07-10,150,157,201,6649,177,6806,24,-0.38056206088993294,0.2857142857142857,-16.571428571428573,6902.285714285715,7174.785714285715,True,Moderate Pressure,6806,24,0.38056206088993294,0.2857142857142857,0.8805970149253731,88.05970149253731,False,False,88.05970149253731,False,False,Normal,False,7,2024
2024-07-11,80,176,125,6640,197,6816,-72,0.1469291801351691,0.0,-22.285714285714285,6867.714285714285,7113.214285714285,False,Balanced,6816,-72,0.1469291801351691,0.0,1.576,157.6,False,False,157.6,False,False,Normal,False,7,2024
2024-07-14,116,188,164,6308,237,6496,-73,-4.694835680751175,-11.0,-20.857142857142858,6787.857142857143,7043.357142857143,False,Relief,6496,-73,4.694835680751175,-11.0,1.4451219512195121,144.5121951219512,False,False,144.5121951219512,False,False,Normal,False,7,2024
2024-07-15,105,185,158,6283,171,6468,-13,-0.4310344827586188,-8.0,-19.642857142857142,6709.571428571428,6975.785714285715,False,Relief,6468,-13,0.4310344827586188,-8.0,1.0822784810126582,108.22784810126582,False,False,108.22784810126582,False,False,Normal,False,7,2024
2024-07-16,136,246,123,6239,173,6485,-50,0.26283240568953925,-18.0,-22.428571428571427,6670.428571428572,6903.142857142857,False,Relief,6485,-50,0.26283240568953925,-18.0,1.4065040650406504,140.65040650406505,False,False,140.65040650406505,False,False,Normal,False,7,2024
2024-07-17,128,228,177,6228,187,6456,-10,-0.44718581341557373,-20.285714285714285,-23.857142857142858,6622.714285714285,6828.357142857143,False,Relief,6456,-10,0.44718581341557373,-20.285714285714285,1.0564971751412429,105.64971751412429,False,False,105.64971751412429,False,False,Normal,False,7,2024
2024-07-21,90,196,205,6058,262,6254,-57,-3.1288723667905805,-35.857142857142854,-27.071428571428573,6540.142857142857,6742.5,False,Relief,6254,-57,3.1288723667905805,-35.857142857142854,1.278048780487805,127.8048780487805,False,False,127.8048780487805,False,False,Normal,False,7,2024
2024-07-22,102,189,155,6002,234,6191,-79,-1.0073552926127327,-50.57142857142857,-25.142857142857142,6452.285714285715,6677.285714285715,False,Relief,6191,-79,1.0073552926127327,-50.57142857142857,1.5096774193548388,150.96774193548387,False,False,150.96774193548387,False,False,Normal,False,7,2024
2024-07-23,120,257,126,5965,170,6222,-44,0.500726861573253,-46.57142857142857,-23.285714285714285,6367.428571428572,6617.571428571428,False,Relief,6222,-44,0.500726861573253,-46.57142857142857,1.3492063492063493,134.92063492063494,False,False,134.92063492063494,False,False,Normal,False,7,2024
2024-07-24,137,272,166,5927,177,6199,-11,-0.3696560591449738,-37.714285714285715,-24.357142857142858,6325.0,6556.428571428572,False,Relief,6199,-11,0.3696560591449738,-37.714285714285715,1.0662650602409638,106.62650602409639,False,False,106.62650602409639,False,False,Normal,False,7,2024
2024-07-25,93,198,208,5954,194,6152,14,-0.7581868043232798,-33.857142857142854,-20.928571428571427,6279.857142857143,6494.714285714285,False,Relief,6152,14,0.7581868043232798,-33.857142857142854,0.9326923076923077,93.26923076923077,False,False,93.26923076923077,False,False,Normal,False,7,2024
2024-07-28,152,290,199,5743,207,6033,-8,-1.934330299089726,-27.857142857142858,-22.928571428571427,6215.285714285715,6442.857142857143,False,Relief,6033,-8,1.934330299089726,-27.857142857142858,1.0402010050251256,104.02010050251256,False,False,104.02010050251256,False,False,Normal,False,7,2024
2024-07-29,114,210,219,5819,163,6029,56,-0.06630200563566557,-18.428571428571427,-19.357142857142858,6154.285714285715,6388.5,False,Relief,6029,56,0.06630200563566557,-18.428571428571427,0.7442922374429224,74.42922374429224,False,False,74.42922374429224,False,False,Normal,False,7,2024
2024-07-30,125,203,208,5930,92,6133,116,1.724995853375355,6.285714285714286,-14.785714285714286,6137.0,6338.571428571428,True,Moderate Pressure,6133,116,1.724995853375355,6.285714285714286,0.4423076923076923,44.230769230769226,False,False,44.230769230769226,False,False,Normal,False,7,2024
2024-07-31,140,261,163,5963,154,6224,9,1.4837762921897868,18.857142857142858,-15.857142857142858,6141.714285714285,6297.0,True,Moderate Pressure,6224,9,1.4837762921897868,18.857142857142858,0.9447852760736196,94.47852760736197,False,False,94.47852760736197,False,False,Normal,False,7,2024
2024-08-01,227,298,212,6016,169,6314,43,1.4460154241645151,31.285714285714285,-7.642857142857143,6154.857142857143,6261.142857142857,True,Moderate Pressure,6314,43,1.4460154241645151,31.285714285714285,0.7971698113207547,79.71698113207547,False,False,79.71698113207547,False,False,Normal,False,7,2024
2024-08-04,63,167,143,5943,170,6110,-27,-3.230915426037373,29.0,-4.357142857142857,6142.142857142857,6233.571428571428,True,Moderate Pressure,6110,-27,3.230915426037373,29.0,1.1888111888111887,118.88111888111888,False,False,118.88111888111888,False,False,Normal,False,7,2024
2024-08-05,172,259,138,5950,150,6209,-12,1.6202945990180018,25.285714285714285,-4.285714285714286,6150.285714285715,6215.071428571428,True,Moderate Pressure,6209,-12,1.6202945990180018,25.285714285714285,1.0869565217391304,108.69565217391303,False,False,108.69565217391303,False,False,Normal,False,7,2024
2024-08-06,163,283,200,5998,143,6281,57,1.1596070220647459,34.57142857142857,3.357142857142857,6185.714285714285,6200.5,True,Moderate Pressure,6281,57,1.1596070220647459,34.57142857142857,0.715,71.5,False,False,71.5,False,False,Normal,False,7,2024
2024-08-07,135,273,207,6038,174,6311,33,0.4776309504855858,31.285714285714285,6.428571428571429,6226.0,6190.142857142857,True,Moderate Pressure,6311,33,0.4776309504855858,31.285714285714285,0.8405797101449275,84.05797101449275,False,False,84.05797101449275,False,False,Normal,False,7,2024
2024-08-08,119,230,213,6084,174,6314,39,0.04753604816987167,20.285714285714285,13.285714285714286,6251.857142857143,6194.428571428572,True,Moderate Pressure,6314,39,0.04753604816987167,20.285714285714285,0.8169014084507042,81.69014084507043,False,False,81.69014084507043,False,False,Normal,False,7,2024
2024-08-11,95,211,140,5894,249,6105,-109,-3.3101045296167197,3.4285714285714284,11.142857142857142,6234.857142857143,6188.285714285715,True,Moderate Pressure,6105,-109,3.3101045296167197,3.4285714285714284,1.7785714285714285,177.85714285714283,False,False,177.85714285714283,False,False,Normal,False,7,2024
2024-08-12,109,219,155,5903,148,6122,7,0.27846027846027965,-1.7142857142857142,14.785714285714286,6207.428571428572,6181.142857142857,False,Relief,6122,7,0.27846027846027965,-1.7142857142857142,0.9548387096774194,95.48387096774194,False,False,95.48387096774194,False,False,Normal,False,7,2024
2024-08-13,162,239,189,5981,123,6220,66,1.6007840574975507,11.571428571428571,20.285714285714285,6223.142857142857,6182.642857142857,True,Moderate Pressure,6220,66,1.6007840574975507,11.571428571428571,0.6507936507936508,65.07936507936508,False,False,65.07936507936508,False,False,Normal,False,7,2024
2024-08-14,109,226,191,5987,178,6213,13,-0.11254019292604722,15.142857142857142,20.214285714285715,6223.714285714285,6187.0,True,Moderate Pressure,6213,13,0.11254019292604722,15.142857142857142,0.9319371727748691,93.19371727748691,False,False,93.19371727748691,False,False,Normal,False,7,2024
2024-08-15,124,241,156,5895,220,6136,-64,-1.2393368742958266,-2.142857142857143,16.214285714285715,6203.0,6194.357142857143,False,Relief,6136,-64,1.2393368742958266,-2.142857142857143,1.4102564102564104,141.02564102564102,False,False,141.02564102564102,False,False,Normal,False,7,2024
2024-08-18,86,244,235,5821,178,6065,57,-1.1571056062581464,1.2857142857142858,16.285714285714285,6167.857142857143,6196.928571428572,True,Moderate Pressure,6065,57,1.1571056062581464,1.2857142857142858,0.7574468085106383,75.74468085106383,False,False,75.74468085106383,False,False,Normal,False,7,2024
2024-08-19,176,254,162,5865,158,6119,4,0.8903544929925733,-3.7142857142857144,8.285714285714286,6140.0,6195.928571428572,False,Relief,6119,4,0.8903544929925733,-3.7142857142857144,0.9753086419753086,97.53086419753086,False,False,97.53086419753086,False,False,Normal,False,7,2024
2024-08-20,136,274,245,5995,112,6269,133,2.45138094459878,30.857142857142858,17.142857142857142,6163.428571428572,6199.142857142857,True,Moderate Pressure,6269,133,2.45138094459878,30.857142857142858,0.45714285714285713,45.714285714285715,False,False,45.714285714285715,False,False,Normal,False,7,2024
2024-08-21,134,245,167,6028,156,6273,11,0.06380602966979954,31.428571428571427,14.857142857142858,6185.0,6196.214285714285,True,Moderate Pressure,6273,11,0.06380602966979954,31.428571428571427,0.9341317365269461,93.41317365269461,False,False,93.41317365269461,False,False,Normal,False,7,2024
2024-08-22,182,307,205,6054,171,6361,34,1.4028375577873398,26.857142857142858,19.214285714285715,6205.142857142857,6214.142857142857,True,Moderate Pressure,6361,34,1.4028375577873398,26.857142857142858,0.8341463414634146,83.41463414634146,False,False,83.41463414634146,False,False,Normal,False,7,2024
2024-08-27,149,285,222,6152,97,6437,125,1.1947806948592987,42.857142857142854,29.0,6237.142857142857,6230.428571428572,True,Moderate Pressure,6437,125,1.1947806948592987,42.857142857142854,0.4369369369369369,43.69369369369369,False,False,43.69369369369369,False,False,Normal,False,7,2024
2024-08-28,170,285,178,6227,134,6512,44,1.1651390399254336,58.285714285714285,28.071428571428573,6290.857142857143,6246.928571428572,True,High Pressure,6512,44,1.1651390399254336,58.285714285714285,0.7528089887640449,75.28089887640449,False,False,75.28089887640449,False,False,Normal,False,7,2024
2024-08-29,145,295,188,6250,169,6545,19,0.5067567567567544,52.857142857142854,27.071428571428573,6359.428571428572,6263.642857142857,True,High Pressure,6545,19,0.5067567567567544,52.857142857142854,0.898936170212766,89.8936170212766,False,False,89.8936170212766,False,False,Normal,False,7,2024
2024-09-02,133,270,198,6192,129,6462,69,-1.268143621084794,62.142857142857146,29.214285714285715,6408.428571428572,6274.214285714285,True,High Pressure,6462,69,1.268143621084794,62.142857142857146,0.6515151515151515,65.15151515151516,False,False,65.15151515151516,False,False,Normal,False,7,2024
2024-09-03,131,263,177,6272,112,6535,65,1.1296812132466805,52.42857142857143,41.642857142857146,6446.428571428572,6304.928571428572,True,High Pressure,6535,65,1.1296812132466805,52.42857142857143,0.632768361581921,63.2768361581921,False,False,63.2768361581921,False,False,Normal,False,7,2024
2024-09-04,121,231,219,6375,114,6606,105,1.0864575363427775,65.85714285714286,48.642857142857146,6494.0,6339.5,True,High Pressure,6606,105,1.0864575363427775,65.85714285714286,0.5205479452054794,52.054794520547944,False,False,52.054794520547944,False,False,Normal,False,7,2024
2024-09-05,126,230,175,6448,121,6678,54,1.089918256130784,68.71428571428571,47.785714285714285,6539.285714285715,6372.214285714285,True,High Pressure,6678,54,1.089918256130784,68.71428571428571,0.6914285714285714,69.14285714285714,False,False,69.14285714285714,False,False,Normal,False,7,2024
2024-09-08,123,255,164,6312,221,6567,-57,-1.6621743036837389,42.714285714285715,42.785714285714285,6557.857142857143,6397.5,True,Moderate Pressure,6567,-57,1.6621743036837389,42.714285714285715,1.3475609756097562,134.7560975609756,False,False,134.7560975609756,False,False,Normal,False,7,2024
2024-09-09,144,275,190,6353,141,6628,49,0.928886858535094,43.42857142857143,50.857142857142854,6574.428571428572,6432.642857142857,True,Moderate Pressure,6628,49,0.928886858535094,43.42857142857143,0.7421052631578947,74.21052631578947,False,False,74.21052631578947,False,False,Normal,False,7,2024
2024-09-10,131,251,180,6396,148,6647,32,0.28666264333132574,45.285714285714285,49.07142857142857,6589.0,6474.214285714285,True,Moderate Pressure,6647,32,0.28666264333132574,45.285714285714285,0.8222222222222222,82.22222222222221,False,False,82.22222222222221,False,False,Normal,False,7,2024
2024-09-11,93,248,175,6410,162,6658,13,0.16548819016097838,37.285714285714285,49.714285714285715,6617.0,6512.714285714285,True,Moderate Pressure,6658,13,0.16548819016097838,37.285714285714285,0.9257142857142857,92.57142857142857,False,False,92.57142857142857,False,False,Normal,False,7,2024
2024-09-12,184,280,210,6360,220,6640,-10,-0.270351456893958,26.571428571428573,39.5,6632.0,6539.214285714285,True,Moderate Pressure,6640,-10,0.270351456893958,26.571428571428573,1.0476190476190477,104.76190476190477,False,False,104.76190476190477,False,False,Normal,False,7,2024
2024-09-13,81,200,212,6326,279,6526,-67,-1.7168674698795128,2.0,33.92857142857143,6620.571428571428,6557.285714285715,True,Moderate Pressure,6526,-67,1.7168674698795128,2.0,1.3160377358490567,131.60377358490567,False,False,131.60377358490567,False,False,Normal,False,7,2024
2024-09-15,98,220,167,6234,210,6454,-43,-1.1032791909285966,-11.857142857142858,28.428571428571427,6588.571428571428,6563.928571428572,False,Relief,6454,-43,1.1032791909285966,-11.857142857142858,1.2574850299401197,125.74850299401197,False,False,125.74850299401197,False,False,Normal,False,7,2024
2024-09-16,113,209,160,6229,164,6438,-4,-0.24790827393864623,-4.285714285714286,19.214285714285715,6570.142857142857,6564.0,False,Relief,6438,-4,0.24790827393864623,-4.285714285714286,1.025,102.49999999999999,False,False,102.49999999999999,False,False,Normal,False,7,2024
2024-09-17,159,304,139,6227,160,6531,-21,1.4445479962721386,-14.285714285714286,14.571428571428571,6556.285714285715,6565.357142857143,False,Relief,6531,-21,1.4445479962721386,-14.285714285714286,1.1510791366906474,115.10791366906474,False,False,115.10791366906474,False,False,Normal,False,7,2024
2024-09-18,116,213,217,6245,149,6458,68,-1.1177461338233052,-9.142857142857142,18.071428571428573,6529.285714285715,6559.142857142857,False,Relief,6458,68,1.1177461338233052,-9.142857142857142,0.6866359447004609,68.66359447004609,False,False,68.66359447004609,False,False,Normal,False,7,2024
2024-09-19,93,196,169,6270,188,6466,-19,0.12387736141219463,-13.714285714285714,11.785714285714286,6501.857142857143,6559.428571428572,False,Relief,6466,-19,0.12387736141219463,-13.714285714285714,1.1124260355029585,111.24260355029585,False,False,111.24260355029585,False,False,Normal,False,7,2024
2024-09-22,124,234,161,5989,197,6223,-36,-3.7581193937519353,-17.428571428571427,4.571428571428571,6442.285714285715,6537.142857142857,False,Relief,6223,-36,3.7581193937519353,-17.428571428571427,1.2236024844720497,122.36024844720497,False,False,122.36024844720497,False,False,Normal,False,7,2024
2024-09-23,92,203,173,6002,165,6205,8,-0.28924955809095376,-6.714285714285714,-2.357142857142857,6396.428571428572,6508.5,False,Relief,6205,8,0.28924955809095376,-6.714285714285714,0.953757225433526,95.37572254335261,False,False,95.37572254335261,False,False,Normal,False,7,2024
2024-09-24,186,259,172,6023,143,6282,29,1.2409347300563978,3.5714285714285716,-4.142857142857143,6371.857142857143,6480.214285714285,True,Moderate Pressure,6282,29,1.2409347300563978,3.5714285714285716,0.8313953488372093,83.13953488372093,False,False,83.13953488372093,False,False,Normal,False,7,2024
2024-09-25,154,225,220,6050,169,6275,51,-0.11142948105699046,11.428571428571429,3.5714285714285716,6348.571428571428,6459.357142857143,True,Moderate Pressure,6275,51,0.11142948105699046,11.428571428571429,0.7681818181818182,76.81818181818181,False,False,76.81818181818181,False,False,Normal,False,7,2024
2024-09-26,91,199,172,6090,185,6289,-13,0.223107569721126,12.571428571428571,-0.8571428571428571,6314.0,6435.142857142857,True,Moderate Pressure,6289,-13,0.223107569721126,12.571428571428571,1.0755813953488371,107.55813953488371,False,False,107.55813953488371,False,False,Normal,False,7,2024
2024-09-29,81,213,153,5925,177,6138,-24,-2.401017649864845,-0.5714285714285714,-4.857142857142857,6268.285714285715,6398.785714285715,False,Relief,6138,-24,2.401017649864845,-0.5714285714285714,1.1568627450980393,115.68627450980394,False,False,115.68627450980394,False,False,Normal,False,7,2024
2024-09-30,209,285,184,5967,138,6252,46,1.8572825024437911,8.714285714285714,-2.5,6237.714285714285,6369.785714285715,True,Moderate Pressure,6252,46,1.8572825024437911,8.714285714285714,0.75,75.0,False,False,75.0,False,False,Normal,False,7,2024
2024-10-01,184,314,217,6040,137,6354,80,1.6314779270633295,25.285714285714285,3.9285714285714284,6256.428571428572,6349.357142857143,True,Moderate Pressure,6354,80,1.6314779270633295,25.285714285714285,0.631336405529954,63.133640552995395,False,False,63.133640552995395,False,False,Normal,False,7,2024
2024-10-02,107,215,230,6091,173,6306,57,-0.7554296506137814,32.285714285714285,12.785714285714286,6270.857142857143,6333.642857142857,True,Moderate Pressure,6306,57,0.7554296506137814,32.285714285714285,0.7521739130434782,75.21739130434783,False,False,75.21739130434783,False,False,Normal,False,7,2024
2024-10-03,101,162,178,6118,193,6280,-15,-0.4123057405645447,26.0,14.785714285714286,6270.571428571428,6321.214285714285,True,Moderate Pressure,6280,-15,0.4123057405645447,26.0,1.0842696629213484,108.42696629213484,False,False,108.42696629213484,False,False,Normal,False,7,2024
2024-10-07,99,190,176,5968,153,6158,23,-1.942675159235674,22.0,16.714285714285715,6253.857142857143,6301.214285714285,True,Moderate Pressure,6158,23,1.942675159235674,22.0,0.8693181818181818,86.93181818181817,False,False,86.93181818181817,False,False,Normal,False,7,2024
2024-10-08,167,239,166,6013,123,6252,43,1.5264696329977179,30.0,21.285714285714285,6248.571428571428,6281.285714285715,True,Moderate Pressure,6252,43,1.5264696329977179,30.0,0.7409638554216867,74.09638554216868,False,False,74.09638554216868,False,False,Normal,False,7,2024
2024-10-09,115,216,169,6047,137,6263,32,0.175943698016634,38.0,18.714285714285715,6266.428571428572,6267.357142857143,True,Moderate Pressure,6263,32,0.175943698016634,38.0,0.8106508875739645,81.06508875739645,False,False,81.06508875739645,False,False,Normal,False,7,2024
2024-10-10,84,158,193,6075,159,6233,34,-0.4790036723614888,36.285714285714285,22.5,6263.714285714285,6250.714285714285,True,Moderate Pressure,6233,34,0.4790036723614888,36.285714285714285,0.8238341968911918,82.38341968911918,False,False,82.38341968911918,False,False,Normal,False,7,2024
2024-10-13,130,227,192,5889,210,6116,-18,-1.8771057275790204,22.285714285714285,23.785714285714285,6229.714285714285,6243.071428571428,True,Moderate Pressure,6116,-18,1.8771057275790204,22.285714285714285,1.09375,109.375,False,False,109.375,False,False,Normal,False,7,2024
2024-10-14,88,214,160,5935,106,6149,54,0.5395683453237377,21.857142857142858,27.071428571428573,6207.285714285715,6239.071428571428,True,Moderate Pressure,6149,54,0.5395683453237377,21.857142857142858,0.6625,66.25,False,False,66.25,False,False,Normal,False,7,2024
2024-10-15,113,208,159,6013,107,6221,52,1.170922101154659,31.428571428571427,28.714285714285715,6198.857142857143,6234.714285714285,True,Moderate Pressure,6221,52,1.170922101154659,31.428571428571427,0.6729559748427673,67.29559748427673,False,False,67.29559748427673,False,False,Normal,False,7,2024
2024-10-16,174,285,150,6036,129,6321,21,1.6074586079408482,31.142857142857142,26.571428571428573,6222.142857142857,6238.0,True,Moderate Pressure,6321,21,1.6074586079408482,31.142857142857142,0.86,86.0,False,False,86.0,False,False,Normal,False,7,2024
2024-10-17,104,230,206,6076,160,6306,46,-0.23730422401518902,31.571428571428573,30.785714285714285,6229.857142857143,6239.214285714285,True,Moderate Pressure,6306,46,0.23730422401518902,31.571428571428573,0.7766990291262136,77.66990291262135,False,False,77.66990291262135,False,False,Normal,False,7,2024
2024-10-20,147,276,214,5918,195,6194,19,-1.776086267047261,29.714285714285715,33.857142857142854,6220.0,6243.214285714285,True,Moderate Pressure,6194,19,1.776086267047261,29.714285714285715,0.9112149532710281,91.1214953271028,False,False,91.1214953271028,False,False,Normal,False,7,2024
2024-10-21,108,220,213,5966,154,6186,59,-0.12915724895059544,33.285714285714285,34.785714285714285,6213.285714285715,6238.5,True,Moderate Pressure,6186,59,0.12915724895059544,33.285714285714285,0.7230046948356808,72.30046948356808,False,False,72.30046948356808,False,False,Normal,False,7,2024
2024-10-22,180,280,146,6043,109,6323,37,2.2146783058519137,41.142857142857146,31.714285714285715,6242.857142857143,6236.285714285715,True,Moderate Pressure,6323,37,2.2146783058519137,41.142857142857146,0.7465753424657534,74.65753424657534,False,False,74.65753424657534,False,False,Normal,False,7,2024
2024-10-23,134,294,186,6077,138,6371,48,0.7591333227898067,40.285714285714285,31.071428571428573,6274.571428571428,6240.928571428572,True,Moderate Pressure,6371,48,0.7591333227898067,40.285714285714285,0.7419354838709677,74.19354838709677,False,False,74.19354838709677,False,False,Normal,False,7,2024
2024-10-27,202,313,158,5974,192,6287,-34,-1.318474336838804,28.0,29.714285714285715,6284.0,6241.428571428572,True,Moderate Pressure,6287,-34,1.318474336838804,28.0,1.2151898734177216,121.51898734177216,False,False,121.51898734177216,False,False,Normal,False,7,2024
2024-10-28,110,272,193,6008,156,6280,37,-0.11134086209638738,30.285714285714285,30.714285714285715,6278.142857142857,6250.142857142857,True,Moderate Pressure,6280,37,0.11134086209638738,30.285714285714285,0.8082901554404145,80.82901554404145,False,False,80.82901554404145,False,False,Normal,False,7,2024
2024-10-29,166,277,229,6106,126,6383,103,1.6401273885350287,38.42857142857143,35.0,6289.142857142857,6259.5,True,Moderate Pressure,6383,103,1.6401273885350287,38.42857142857143,0.5502183406113537,55.021834061135365,False,False,55.021834061135365,False,False,Normal,False,7,2024
2024-10-30,136,276,178,6149,160,6425,18,0.6579978066739711,38.285714285714285,34.0,6322.142857142857,6271.071428571428,True,Moderate Pressure,6425,18,0.6579978066739711,38.285714285714285,0.898876404494382,89.8876404494382,False,False,89.8876404494382,False,False,Normal,False,7,2024
2024-10-31,87,246,173,6148,177,6394,-4,-0.4824902723735369,29.285714285714285,31.285714285714285,6351.857142857143,6282.571428571428,True,Moderate Pressure,6394,-4,0.4824902723735369,29.285714285714285,1.023121387283237,102.3121387283237,False,False,102.3121387283237,False,False,Normal,False,7,2024
2024-11-03,84,171,157,5990,184,6161,-27,-3.6440412887081663,20.142857142857142,30.642857142857142,6328.714285714285,6285.785714285715,True,Moderate Pressure,6161,-27,3.6440412887081663,20.142857142857142,1.1719745222929936,117.19745222929936,False,False,117.19745222929936,False,False,Normal,False,7,2024
2024-11-04,167,209,157,6007,132,6216,25,0.8927122220418804,16.857142857142858,28.571428571428573,6306.571428571428,6290.571428571428,True,Moderate Pressure,6216,25,0.8927122220418804,16.857142857142858,0.8407643312101911,84.07643312101911,False,False,84.07643312101911,False,False,Normal,False,7,2024
2024-11-05,109,245,159,6045,126,6290,33,1.1904761904761862,26.428571428571427,27.214285714285715,6307.0,6295.5,True,Moderate Pressure,6290,33,1.1904761904761862,26.428571428571427,0.7924528301886793,79.24528301886792,False,False,79.24528301886792,False,False,Normal,False,7,2024
2024-11-06,156,256,176,6086,137,6342,39,0.8267090620031725,26.714285714285715,28.5,6315.857142857143,6297.0,True,Moderate Pressure,6342,39,0.8267090620031725,26.714285714285715,0.7784090909090909,77.8409090909091,False,False,77.8409090909091,False,False,Normal,False,7,2024
2024-11-07,125,232,192,6084,177,6316,15,-0.40996531062755803,14.142857142857142,26.285714285714285,6306.285714285715,6297.714285714285,True,Moderate Pressure,6316,15,0.40996531062755803,14.142857142857142,0.921875,92.1875,False,False,92.1875,False,False,Normal,False,7,2024
2024-11-11,118,139,168,5963,145,6102,23,-3.3882203926535737,14.857142857142858,26.571428571428573,6260.142857142857,6291.142857142857,True,Moderate Pressure,6102,23,3.3882203926535737,14.857142857142858,0.8630952380952381,86.30952380952381,False,False,86.30952380952381,False,False,Normal,False,7,2024
2024-11-12,142,235,139,5975,138,6210,1,1.7699115044247815,15.571428571428571,22.428571428571427,6233.857142857143,6292.857142857143,True,Moderate Pressure,6210,1,1.7699115044247815,15.571428571428571,0.9928057553956835,99.28057553956835,False,False,99.28057553956835,False,False,Normal,False,7,2024
2024-11-13,148,245,175,5966,151,6211,24,0.016103059581329404,22.857142857142858,21.5,6241.0,6284.857142857143,True,Moderate Pressure,6211,24,0.016103059581329404,22.857142857142858,0.8628571428571429,86.28571428571429,False,False,86.28571428571429,False,False,Normal,False,7,2024
2024-11-14,119,219,210,6025,172,6244,38,0.5313154081468374,24.714285714285715,20.785714285714285,6245.0,6275.785714285715,True,Moderate Pressure,6244,38,0.5313154081468374,24.714285714285715,0.819047619047619,81.9047619047619,False,False,81.9047619047619,False,False,Normal,False,7,2024
2024-11-17,105,210,149,5816,195,6026,-46,-3.49135169762973,13.428571428571429,19.928571428571427,6207.285714285715,6257.142857142857,True,Moderate Pressure,6026,-46,3.49135169762973,13.428571428571429,1.308724832214765,130.8724832214765,False,False,130.8724832214765,False,False,Normal,False,7,2024
2024-11-18,143,203,163,5819,138,6022,25,-0.06637902422834685,11.428571428571429,19.071428571428573,6161.571428571428,6238.714285714285,True,Moderate Pressure,6022,25,0.06637902422834685,11.428571428571429,0.8466257668711656,84.66257668711657,False,False,84.66257668711657,False,False,Normal,False,7,2024
2024-11-19,119,209,152,5844,146,6053,6,0.5147791431418192,10.142857142857142,12.142857142857142,6124.0,6215.142857142857,True,Moderate Pressure,6053,6,0.5147791431418192,10.142857142857142,0.9605263157894737,96.05263157894737,False,False,96.05263157894737,False,False,Normal,False,7,2024
2024-11-20,155,212,181,5879,148,6091,33,0.6277878737815934,11.571428571428571,13.214285714285714,6122.428571428572,6191.285714285715,True,Moderate Pressure,6091,33,0.6277878737815934,11.571428571428571,0.8176795580110497,81.76795580110497,False,False,81.76795580110497,False,False,Normal,False,7,2024
2024-11-21,109,214,173,5850,210,6064,-37,-0.44327696601543787,6.142857142857143,10.857142857142858,6101.571428571428,6167.714285714285,True,Moderate Pressure,6064,-37,0.44327696601543787,6.142857142857143,1.2138728323699421,121.38728323699422,False,False,121.38728323699422,False,False,Normal,False,7,2024
2024-11-24,191,283,192,5664,207,5947,-15,-1.9294195250659674,0.5714285714285714,11.714285714285714,6063.857142857143,6152.428571428572,True,Moderate Pressure,5947,-15,1.9294195250659674,0.5714285714285714,1.078125,107.8125,False,False,107.8125,False,False,Normal,False,7,2024
2024-11-25,170,297,196,5715,129,6012,67,1.0929880612073228,4.714285714285714,14.714285714285714,6030.714285714285,6137.857142857143,True,Moderate Pressure,6012,67,1.0929880612073228,4.714285714285714,0.6581632653061225,65.81632653061224,False,False,65.81632653061224,False,False,Normal,False,7,2024
2024-11-26,152,272,214,5826,112,6098,102,1.4304723885562254,25.857142857142858,19.642857142857142,6041.0,6124.142857142857,True,Moderate Pressure,6098,102,1.4304723885562254,25.857142857142858,0.5233644859813084,52.336448598130836,False,False,52.336448598130836,False,False,Normal,False,7,2024
2024-11-27,239,367,224,5862,211,6229,13,2.1482453263365064,24.142857142857142,17.785714285714285,6070.571428571428,6116.071428571428,True,Moderate Pressure,6229,13,2.1482453263365064,24.142857142857142,0.9419642857142857,94.19642857142857,False,False,94.19642857142857,False,False,Normal,False,7,2024
2024-11-28,113,280,237,5963,143,6243,94,0.224755177396041,36.714285714285715,23.428571428571427,6097.714285714285,6110.857142857143,True,Moderate Pressure,6243,94,0.224755177396041,36.714285714285715,0.6033755274261603,60.337552742616026,False,False,60.337552742616026,False,False,Normal,False,7,2024
2024-12-01,196,306,187,5986,149,6292,38,0.7848790645522907,37.42857142857143,24.5,6126.428571428572,6124.428571428572,True,Moderate Pressure,6292,38,0.7848790645522907,37.42857142857143,0.7967914438502673,79.67914438502673,False,False,79.67914438502673,False,False,Normal,False,7,2024
2024-12-02,236,330,222,6061,115,6391,107,1.573426573426584,58.0,32.07142857142857,6173.142857142857,6137.357142857143,True,High Pressure,6391,107,1.573426573426584,58.0,0.5180180180180181,51.80180180180181,False,False,51.80180180180181,False,False,Normal,False,7,2024
2024-12-03,81,230,242,6192,107,6422,135,0.48505711156312525,79.42857142857143,40.0,6241.0,6152.428571428572,True,High Pressure,6422,135,0.48505711156312525,79.42857142857143,0.44214876033057854,44.214876033057855,False,False,44.214876033057855,False,False,Normal,False,7,2024
2024-12-04,118,245,160,6269,115,6514,45,1.4325755216443525,76.28571428571429,40.5,6312.714285714285,6171.714285714285,True,High Pressure,6514,45,1.4325755216443525,76.28571428571429,0.71875,71.875,False,False,71.875,False,False,Normal,False,7,2024
2024-12-05,218,283,208,6310,150,6593,58,1.2127724900214965,70.0,47.92857142857143,6383.428571428572,6212.214285714285,True,High Pressure,6593,58,1.2127724900214965,70.0,0.7211538461538461,72.11538461538461,False,False,72.11538461538461,False,False,Normal,False,7,2024
2024-12-08,132,243,183,6286,172,6529,11,-0.9707265281359012,69.71428571428571,46.92857142857143,6426.285714285715,6248.428571428572,True,High Pressure,6529,11,0.9707265281359012,69.71428571428571,0.9398907103825137,93.98907103825137,False,False,93.98907103825137,False,False,Normal,False,7,2024
2024-12-09,224,315,152,6268,174,6583,-22,0.8270791851738402,53.142857142857146,44.92857142857143,6474.857142857143,6286.285714285715,True,High Pressure,6583,-22,0.8270791851738402,53.142857142857146,1.144736842105263,114.4736842105263,False,False,114.4736842105263,False,False,Normal,False,7,2024
2024-12-10,167,326,213,6310,149,6636,64,0.8051040559015732,56.857142857142854,47.142857142857146,6524.0,6325.214285714285,True,High Pressure,6636,64,0.8051040559015732,56.857142857142854,0.6995305164319249,69.95305164319248,False,False,69.95305164319248,False,False,Normal,False,7,2024
2024-12-11,209,353,232,6402,152,6755,80,1.793248945147674,53.0,55.5,6576.0,6374.571428571428,True,High Pressure,6755,80,1.793248945147674,53.0,0.6551724137931034,65.51724137931035,False,False,65.51724137931035,False,False,Normal,False,7,2024
2024-12-12,153,253,286,6481,194,6734,92,-0.31088082901554737,46.857142857142854,63.142857142857146,6620.571428571428,6430.785714285715,True,Moderate Pressure,6734,92,0.31088082901554737,46.857142857142854,0.6783216783216783,67.83216783216784,False,False,67.83216783216784,False,False,Normal,False,7,2024
2024-12-15,180,337,219,6408,224,6745,-5,0.16335016335016217,39.714285714285715,58.0,6653.571428571428,6483.142857142857,True,Moderate Pressure,6745,-5,0.16335016335016217,39.714285714285715,1.0228310502283104,102.28310502283105,False,False,102.28310502283105,False,False,Normal,False,7,2024
2024-12-16,133,287,189,6454,149,6741,40,-0.05930318754633346,37.142857142857146,53.57142857142857,6674.714285714285,6529.071428571428,True,Moderate Pressure,6741,40,0.05930318754633346,37.142857142857146,0.7883597883597884,78.83597883597884,False,False,78.83597883597884,False,False,Normal,False,7,2024
2024-12-17,187,310,247,6506,151,6816,96,1.1125945705384943,49.285714285714285,59.5,6715.714285714285,6571.0,True,Moderate Pressure,6816,96,1.1125945705384943,49.285714285714285,0.611336032388664,61.1336032388664,False,False,61.1336032388664,False,False,Normal,False,7,2024
2024-12-18,168,285,210,6598,134,6883,76,0.9829812206572752,63.285714285714285,58.214285714285715,6758.571428571428,6616.714285714285,True,High Pressure,6883,76,0.9829812206572752,63.285714285714285,0.638095238095238,63.8095238095238,False,False,63.8095238095238,False,False,Normal,False,7,2024
2024-12-19,269,412,204,6600,238,7012,-34,1.8741827691413526,49.285714285714285,53.07142857142857,6812.285714285715,6668.142857142857,True,Moderate Pressure,7012,-34,1.8741827691413526,49.285714285714285,1.1666666666666667,116.66666666666667,False,False,116.66666666666667,False,False,Normal,False,7,2024
2024-12-22,100,255,236,6595,268,6850,-32,-2.310325156873927,33.285714285714285,43.142857142857146,6825.857142857143,6700.928571428572,True,Moderate Pressure,6850,-32,2.310325156873927,33.285714285714285,1.1355932203389831,113.55932203389831,False,False,113.55932203389831,False,False,Normal,False,7,2024
2024-12-23,205,294,177,6548,231,6842,-54,-0.11678832116788218,12.428571428571429,29.642857142857142,6841.285714285715,6730.928571428572,True,Moderate Pressure,6842,-54,0.11678832116788218,12.428571428571429,1.305084745762712,130.5084745762712,False,False,130.5084745762712,False,False,Normal,False,7,2024
2024-12-24,161,304,211,6622,155,6926,56,1.2277111955568465,21.142857142857142,30.428571428571427,6867.142857142857,6760.357142857143,True,Moderate Pressure,6926,56,1.2277111955568465,21.142857142857142,0.7345971563981043,73.45971563981043,False,False,73.45971563981043,False,False,Normal,False,7,2024
2024-12-25,57,162,193,6689,107,6851,86,-1.082876118971987,27.714285714285715,32.42857142857143,6882.857142857143,6778.785714285715,True,Moderate Pressure,6851,86,1.082876118971987,27.714285714285715,0.5544041450777202,55.44041450777202,False,False,55.44041450777202,False,False,Normal,False,7,2024
2024-12-26,80,122,152,6707,135,6829,17,-0.3211210042329604,16.428571428571427,32.857142857142854,6884.714285714285,6800.214285714285,True,Moderate Pressure,6829,17,0.3211210042329604,16.428571428571427,0.8881578947368421,88.81578947368422,False,False,88.81578947368422,False,False,Normal,False,7,2024
2024-12-29,107,170,133,6465,216,6635,-83,-2.8408258895885163,-6.285714285714286,28.5,6849.285714285715,6803.928571428572,False,Relief,6635,-83,2.8408258895885163,-6.285714285714286,1.6240601503759398,162.406015037594,False,False,162.406015037594,False,False,Normal,False,7,2024
2024-12-30,99,156,139,6454,177,6610,-38,-0.37678975131876236,-6.857142857142857,21.214285714285715,6791.857142857143,6802.071428571428,False,Relief,6610,-38,0.37678975131876236,-6.857142857142857,1.2733812949640289,127.33812949640289,False,False,127.33812949640289,False,False,Normal,False,7,2024
2025-01-01,25,66,94,6405,144,6471,-50,-2.1028744326777593,-9.428571428571429,11.928571428571429,6737.714285714285,6781.785714285715,False,Relief,6471,-50,2.1028744326777593,-9.428571428571429,1.5319148936170213,153.19148936170214,False,False,153.19148936170214,False,False,Normal,False,7,2025
2025-01-02,35,70,53,6292,170,6362,-117,-1.6844382630196275,-18.428571428571427,-3.0,6669.142857142857,6755.214285714285,False,Relief,6362,-117,1.6844382630196275,-18.428571428571427,3.207547169811321,320.7547169811321,False,False,320.7547169811321,False,False,Normal,False,7,2025
2025-01-05,43,73,64,5882,185,5955,-121,-6.397359320968254,-43.714285714285715,-11.285714285714286,6530.428571428572,6698.785714285715,False,Relief,5955,-121,6.397359320968254,-43.714285714285715,2.890625,289.0625,False,False,289.0625,False,False,Normal,False,7,2025
2025-01-06,41,60,71,5769,190,5829,-119,-2.1158690176322437,-73.0,-22.642857142857142,6384.428571428572,6633.642857142857,False,Relief,5829,-119,2.1158690176322437,-73.0,2.676056338028169,267.6056338028169,False,False,267.6056338028169,False,False,Normal,False,7,2025
2025-01-07,65,83,65,5703,133,5786,-68,-0.7376908560645101,-85.14285714285714,-34.357142857142854,6235.428571428572,6560.071428571428,False,Relief,5786,-68,0.7376908560645101,-85.14285714285714,2.046153846153846,204.61538461538458,False,False,204.61538461538458,False,False,Normal,False,7,2025
2025-01-08,38,80,82,5605,184,5685,-102,-1.7455928102315887,-87.85714285714286,-47.07142857142857,6099.714285714285,6474.5,False,Relief,5685,-102,1.7455928102315887,-87.85714285714286,2.2439024390243905,224.39024390243904,False,False,224.39024390243904,False,False,Normal,False,7,2025
2025-01-09,56,82,68,5507,164,5589,-96,-1.6886543535620024,-96.14285714285714,-51.5,5953.857142857143,6372.857142857143,False,Relief,5589,-96,1.6886543535620024,-96.14285714285714,2.411764705882353,241.17647058823528,False,False,241.17647058823528,False,False,Normal,False,7,2025
2025-01-12,74,103,80,5092,235,5195,-155,-7.049561638933621,-111.14285714285714,-60.285714285714285,5771.571428571428,6254.642857142857,False,Relief,5195,-155,7.049561638933621,-111.14285714285714,2.9375,293.75,False,False,293.75,False,False,Normal,False,7,2025
2025-01-13,68,107,102,5019,181,5126,-79,-1.3282001924927789,-105.71428571428571,-62.07142857142857,5595.0,6132.071428571428,False,Relief,5126,-79,1.3282001924927789,-105.71428571428571,1.7745098039215685,177.45098039215685,False,False,177.45098039215685,False,False,Normal,False,7,2025
2025-01-14,92,124,93,4957,139,5081,-46,-0.877877487319545,-95.0,-69.35714285714286,5470.142857142857,6000.285714285715,False,Relief,5081,-46,0.877877487319545,-95.0,1.4946236559139785,149.46236559139786,False,False,149.46236559139786,False,False,Normal,False,7,2025
2025-01-15,113,162,107,4903,164,5065,-57,-0.3148986419996058,-86.14285714285714,-79.57142857142857,5361.0,5872.714285714285,False,Relief,5065,-57,0.3148986419996058,-86.14285714285714,1.5327102803738317,153.27102803738316,False,False,153.27102803738316,False,False,Normal,False,7,2025
2025-01-16,106,196,131,4881,159,5077,-28,0.23692003948667661,-80.42857142857143,-82.78571428571429,5259.714285714285,5747.571428571428,False,Relief,5077,-28,0.23692003948667661,-80.42857142857143,1.213740458015267,121.3740458015267,False,False,121.3740458015267,False,False,Normal,False,7,2025
2025-01-19,86,152,168,4628,176,4780,-8,-5.849911364979321,-67.0,-77.42857142857143,5130.428571428572,5615.071428571428,False,Relief,4780,-8,5.849911364979321,-67.0,1.0476190476190477,104.76190476190477,False,False,104.76190476190477,False,False,Normal,False,7,2025
2025-01-20,84,118,136,4638,127,4756,9,-0.5020920502092019,-52.0,-74.07142857142857,5011.428571428572,5482.642857142857,False,Relief,4756,9,0.5020920502092019,-52.0,0.9338235294117647,93.38235294117648,False,False,93.38235294117648,False,False,Normal,False,7,2025
2025-01-21,59,64,117,4728,54,4792,63,0.7569386038688064,-20.857142857142858,-66.0,4953.857142857143,5362.714285714285,False,Relief,4792,63,0.7569386038688064,-20.857142857142858,0.46153846153846156,46.15384615384615,False,False,46.15384615384615,False,False,Normal,False,7,2025
2025-01-22,62,97,52,4717,83,4814,-31,0.45909849749583564,-14.0,-59.857142857142854,4909.285714285715,5252.142857142857,False,Relief,4814,-31,0.45909849749583564,-14.0,1.5961538461538463,159.6153846153846,False,False,159.6153846153846,False,False,Normal,False,7,2025
2025-01-23,91,75,97,4621,174,4696,-77,-2.451184046530952,-18.428571428571427,-56.714285714285715,4854.285714285715,5162.214285714285,False,Relief,4696,-77,2.451184046530952,-18.428571428571427,1.7938144329896908,179.3814432989691,False,False,179.3814432989691,False,False,Normal,False,7,2025
2025-01-26,29,51,11,4241,182,4292,-171,-8.603066439523,-34.714285714285715,-60.42857142857143,4743.857142857143,5052.428571428572,False,Relief,4292,-171,8.603066439523,-34.714285714285715,16.545454545454547,1654.5454545454547,False,False,,False,False,Normal,False,7,2025
2025-01-27,33,53,34,4161,127,4214,-93,-1.817334575955265,-44.0,-62.214285714285715,4620.571428571428,4940.142857142857,False,Relief,4214,-93,1.817334575955265,-44.0,3.735294117647059,373.5294117647059,False,False,373.5294117647059,False,False,Normal,False,7,2025
2025-01-28,32,49,39,4096,101,4145,-62,-1.6373991457047987,-51.714285714285715,-59.357142857142854,4529.857142857143,4830.142857142857,False,Relief,4145,-62,1.6373991457047987,-51.714285714285715,2.58974358974359,258.974358974359,False,False,258.974358974359,False,False,Normal,False,7,2025
2025-01-29,32,50,39,4036,99,4086,-60,-1.423401688781667,-61.57142857142857,-56.785714285714285,4434.142857142857,4722.785714285715,False,Relief,4086,-60,1.423401688781667,-61.57142857142857,2.5384615384615383,253.84615384615384,False,False,253.84615384615384,False,False,Normal,False,7,2025
2025-01-30,47,42,47,3923,159,3965,-112,-2.961331375428289,-86.57142857142857,-53.714285714285715,4316.0,4634.928571428572,False,Relief,3965,-112,2.961331375428289,-86.57142857142857,3.382978723404255,338.2978723404255,False,False,338.2978723404255,False,False,Normal,False,7,2025
2025-02-02,20,22,41,3483,168,3505,-127,-11.601513240857509,-100.28571428571429,-57.142857142857146,4129.0,4519.142857142857,False,Relief,3505,-127,11.601513240857509,-100.28571428571429,4.097560975609756,409.7560975609756,False,False,409.7560975609756,False,False,Normal,False,7,2025
2025-02-03,23,45,11,3403,102,3448,-91,-1.6262482168330927,-102.28571428571429,-60.357142857142854,3950.714285714286,4402.5,False,Relief,3448,-91,1.6262482168330927,-102.28571428571429,9.272727272727273,927.2727272727274,False,False,,False,False,Normal,False,7,2025
2025-02-04,34,54,29,3359,74,3413,-45,-1.0150812064965153,-84.28571428571429,-59.5,3825.1428571428573,4284.5,False,Relief,3413,-45,1.0150812064965153,-84.28571428571429,2.5517241379310347,255.17241379310346,False,False,255.17241379310346,False,False,Normal,False,7,2025
2025-02-05,26,36,36,3290,104,3326,-68,-2.5490770583064704,-80.71428571428571,-62.357142857142854,3698.285714285714,4159.428571428572,False,Relief,3326,-68,2.5490770583064704,-80.71428571428571,2.888888888888889,288.88888888888886,False,False,288.88888888888886,False,False,Normal,False,7,2025
2025-02-06,25,32,27,3181,145,3213,-118,-3.397474443776305,-88.71428571428571,-70.21428571428571,3565.1428571428573,4047.5,False,Relief,3213,-118,3.397474443776305,-88.71428571428571,5.37037037037037,537.0370370370371,False,False,537.0370370370371,False,False,Normal,False,7,2025
2025-02-09,15,13,23,2878,99,2891,-76,-10.02178649237473,-91.0,-76.28571428571429,3394.4285714285716,3914.285714285714,False,Relief,2891,-76,10.02178649237473,-91.0,4.304347826086956,430.4347826086956,False,False,430.4347826086956,False,False,Normal,False,7,2025
2025-02-10,16,18,15,2834,63,2852,-48,-1.3490141819439638,-81.85714285714286,-84.21428571428571,3235.4285714285716,3775.714285714286,False,Relief,2852,-48,1.3490141819439638,-81.85714285714286,4.2,420.0,False,False,,False,False,Normal,False,7,2025
2025-02-11,11,22,12,2799,50,2821,-38,-1.0869565217391353,-69.14285714285714,-84.71428571428571,3137.714285714286,3633.3571428571427,False,Relief,2821,-38,1.0869565217391353,-69.14285714285714,4.166666666666667,416.6666666666667,False,False,,False,False,Normal,False,7,2025
2025-02-12,16,20,20,2752,66,2772,-46,-1.7369727047146455,-62.714285714285715,-82.5,3041.1428571428573,3495.9285714285716,False,Relief,2772,-46,1.7369727047146455,-62.714285714285715,3.3,330.0,False,False,330.0,False,False,Normal,False,7,2025
2025-02-13,15,10,23,2703,72,2713,-49,-2.128427128427124,-63.285714285714285,-73.78571428571429,2941.1428571428573,3383.1428571428573,False,Relief,2713,-49,2.128427128427124,-63.285714285714285,3.130434782608696,313.04347826086956,False,False,313.04347826086956,False,False,Normal,False,7,2025
2025-02-17,8,17,14,2532,15,2549,-1,-6.044968669369699,-53.714285714285715,-67.21428571428571,2830.1428571428573,3264.214285714286,False,Relief,2549,-1,6.044968669369699,-53.714285714285715,1.0714285714285714,107.14285714285714,False,False,,False,False,Normal,False,7,2025
2025-02-18,18,19,11,2536,9,2555,2,0.23538642604943316,-36.57142857142857,-62.642857142857146,2736.1428571428573,3150.6428571428573,False,Relief,2555,2,0.23538642604943316,-36.57142857142857,0.8181818181818182,81.81818181818183,False,False,,False,False,Normal,False,7,2025
2025-02-19,12,17,17,2528,19,2545,-2,-0.3913894324853229,-26.0,-58.5,2686.714285714286,3040.5714285714284,False,Relief,2545,-2,0.3913894324853229,-26.0,1.1176470588235294,111.76470588235294,False,False,,False,False,Normal,False,7,2025
2025-02-20,13,25,15,2520,32,2545,-17,0.0,-21.571428571428573,-51.714285714285715,2642.8571428571427,2939.1428571428573,False,Relief,2545,-17,0.0,-21.571428571428573,2.1333333333333333,213.33333333333334,False,False,,False,False,Normal,False,7,2025
2025-02-23,7,16,8,2423,35,2439,-27,-4.165029469548132,-20.0,-44.57142857142857,2588.285714285714,2863.0,False,Relief,2439,-27,4.165029469548132,-20.0,4.375,437.5,False,False,,False,True,Normal,False,7,2025
2025-02-24,20,22,14,2413,24,2435,-10,-0.16400164001639794,-14.857142857142858,-38.785714285714285,2540.1428571428573,2790.6428571428573,False,Relief,2435,-10,0.16400164001639794,-14.857142857142858,1.7142857142857142,171.42857142857142,False,False,,False,True,Normal,False,7,2025
2025-02-25,11,7,7,2413,23,2420,-16,-0.6160164271047264,-10.142857142857142,-36.714285714285715,2498.285714285714,2719.714285714286,False,Relief,2420,-16,0.6160164271047264,-10.142857142857142,3.2857142857142856,328.57142857142856,False,False,,False,True,Normal,False,7,2025
2025-02-26,12,21,1,2411,23,2432,-22,0.49586776859504855,-13.142857142857142,-33.42857142857143,2481.5714285714284,2655.8571428571427,False,Relief,2432,-22,0.49586776859504855,-13.142857142857142,23.0,2300.0,False,False,,False,True,Normal,False,7,2025
2025-02-27,10,15,17,2391,37,2406,-20,-1.0690789473684181,-16.285714285714285,-26.428571428571427,2460.285714285714,2598.214285714286,False,Relief,2406,-20,1.0690789473684181,-16.285714285714285,2.176470588235294,217.6470588235294,False,False,,False,True,Normal,False,7,2025
2025-03-02,12,24,4,2297,31,2321,-27,-3.5328345802161265,-19.857142857142858,-22.928571428571427,2428.285714285714,2557.5,False,Relief,2321,-27,3.5328345802161265,-19.857142857142858,7.75,775.0,False,False,,False,True,Normal,False,7,2025
2025-03-03,8,29,18,2287,25,2316,-7,-0.21542438604049696,-18.428571428571427,-20.0,2395.5714285714284,2519.214285714286,False,Relief,2316,-7,0.21542438604049696,-18.428571428571427,1.3888888888888888,138.88888888888889,False,False,,False,True,Normal,False,7,2025
2025-03-04,4,25,10,2272,30,2297,-20,-0.8203799654576849,-17.428571428571427,-18.714285714285715,2375.285714285714,2481.785714285714,False,Relief,2297,-20,0.8203799654576849,-17.428571428571427,3.0,300.0,False,False,,False,True,Normal,False,7,2025
2025-03-05,5,20,4,2238,40,2258,-36,-1.6978667827601268,-21.142857142857142,-18.0,2350.0,2445.0714285714284,False,Relief,2258,-36,1.6978667827601268,-21.142857142857142,10.0,1000.0,False,False,,False,True,Normal,False,7,2025
2025-03-06,7,27,6,2218,33,2245,-27,-0.5757307351638596,-22.714285714285715,-16.428571428571427,2325.0,2411.6428571428573,False,Relief,2245,-27,0.5757307351638596,-22.714285714285715,5.5,550.0,False,False,,False,True,Normal,False,7,2025
2025-03-09,12,25,15,2137,30,2162,-15,-3.697104677060137,-21.714285714285715,-17.428571428571427,2286.4285714285716,2384.0,False,Relief,2162,-15,3.697104677060137,-21.714285714285715,2.0,200.0,False,False,,False,True,Normal,False,7,2025
2025-03-10,6,28,8,2125,23,2153,-15,-0.4162812210915856,-21.0,-18.642857142857142,2250.285714285714,2355.285714285714,False,Relief,2153,-15,0.4162812210915856,-21.0,2.875,287.5,False,False,,False,True,Normal,False,7,2025
2025-03-11,3,11,7,2116,20,2127,-13,-1.207617278216444,-19.0,-19.428571428571427,2222.5714285714284,2325.4285714285716,False,Relief,2127,-13,1.207617278216444,-19.0,2.857142857142857,285.7142857142857,False,False,,False,True,Normal,False,7,2025
2025-03-12,6,18,2,2113,8,2131,-6,0.18805829807240215,-18.857142857142858,-18.642857142857142,2196.1428571428573,2295.8571428571427,False,Relief,2131,-6,0.18805829807240215,-18.857142857142858,4.0,400.0,False,False,,False,True,Normal,False,7,2025
2025-03-13,4,20,9,2116,6,2136,3,0.2346316283434957,-15.571428571428571,-16.5,2173.1428571428573,2274.214285714286,False,Relief,2136,3,0.2346316283434957,-15.571428571428571,0.6666666666666666,66.66666666666666,False,False,,False,True,Normal,False,7,2025
2025-03-16,1,9,8,2117,5,2126,3,-0.46816479400748623,-10.0,-15.571428571428571,2154.285714285714,2252.1428571428573,False,Relief,2126,3,0.46816479400748623,-10.0,0.625,62.5,False,False,,False,True,Normal,False,7,2025
2025-03-17,5,14,0,2111,8,2125,-8,-0.04703668861711918,-7.285714285714286,-15.0,2137.1428571428573,2231.0714285714284,False,Relief,2125,-8,0.04703668861711918,-7.285714285714286,,,False,False,,False,True,Normal,False,7,2025
2025-03-18,19,34,6,2109,8,2143,-2,0.8470588235294008,-5.428571428571429,-13.571428571428571,2134.4285714285716,2210.4285714285716,False,Relief,2143,-2,0.8470588235294008,-5.428571428571429,1.3333333333333333,133.33333333333331,False,False,,False,True,Normal,False,7,2025
2025-03-19,6,22,14,2119,9,2141,5,-0.09332711152589823,-2.5714285714285716,-11.785714285714286,2132.714285714286,2191.5,False,Relief,2141,5,0.09332711152589823,-2.5714285714285716,0.6428571428571429,64.28571428571429,False,False,,False,True,Normal,False,7,2025
2025-03-20,9,20,11,2124,7,2144,4,0.14012143858010973,-0.14285714285714285,-9.571428571428571,2135.1428571428573,2178.8571428571427,False,Relief,2144,4,0.14012143858010973,-0.14285714285714285,0.6363636363636364,63.63636363636363,False,False,,False,True,Normal,False,7,2025
2025-03-23,15,29,9,2136,2,2165,7,0.9794776119403048,1.7142857142857142,-8.571428571428571,2140.0,2168.0714285714284,True,Moderate Pressure,2165,7,0.9794776119403048,1.7142857142857142,0.2222222222222222,22.22222222222222,False,False,,False,False,Normal,False,7,2025
2025-03-24,7,13,11,2139,7,2152,4,-0.6004618937644368,1.8571428571428572,-6.857142857142857,2142.285714285714,2157.714285714286,True,Moderate Pressure,2152,4,0.6004618937644368,1.8571428571428572,0.6363636363636364,63.63636363636363,False,False,,False,False,Normal,False,7,2025
2025-03-25,12,19,7,2145,6,2164,1,0.5576208178438735,1.5714285714285714,-4.214285714285714,2147.714285714286,2151.0,True,Moderate Pressure,2164,1,0.5576208178438735,1.5714285714285714,0.8571428571428571,85.71428571428571,False,False,,False,False,Normal,False,7,2025
2025-03-26,9,21,15,2159,2,2180,13,0.7393715341959428,4.571428571428571,-1.3571428571428572,2155.5714285714284,2146.3571428571427,True,Moderate Pressure,2180,13,0.7393715341959428,4.571428571428571,0.13333333333333333,13.333333333333334,False,False,,False,False,Normal,False,7,2025
2025-03-27,1,19,13,2159,2,2178,11,-0.09174311926605228,6.428571428571429,0.5,2160.5714285714284,2147.5,True,Moderate Pressure,2178,11,0.09174311926605228,6.428571428571429,0.15384615384615385,15.384615384615385,False,False,,False,False,Normal,False,7,2025
2025-03-30,9,20,5,2188,2,2208,3,1.377410468319562,6.142857142857143,1.7857142857142858,2170.1428571428573,2151.4285714285716,True,Moderate Pressure,2208,3,1.377410468319562,6.142857142857143,0.4,40.0,False,False,,False,False,Normal,False,7,2025
2025-03-31,9,25,8,2193,5,2218,3,0.45289855072463414,6.0,2.9285714285714284,2180.714285714286,2157.9285714285716,True,Moderate Pressure,2218,3,0.45289855072463414,6.0,0.625,62.5,False,False,,False,False,Normal,False,7,2025
2025-04-01,17,36,7,2191,12,2227,-5,0.4057709648331853,4.285714285714286,3.0,2189.5714285714284,2164.785714285714,True,Moderate Pressure,2227,-5,0.4057709648331853,4.285714285714286,1.7142857142857142,171.42857142857142,False,False,,False,False,Normal,False,7,2025
2025-04-02,5,31,16,2208,3,2239,13,0.5388414907947947,5.571428571428571,3.7142857142857144,2202.0,2172.1428571428573,True,Moderate Pressure,2239,13,0.5388414907947947,5.571428571428571,0.1875,18.75,False,False,,False,False,Normal,False,7,2025
2025-04-03,12,26,18,2223,8,2249,10,0.44662795891021734,6.857142857142857,4.214285714285714,2214.1428571428573,2180.9285714285716,True,Moderate Pressure,2249,10,0.44662795891021734,6.857142857142857,0.4444444444444444,44.44444444444444,False,False,,False,False,Normal,False,7,2025
2025-04-06,7,14,7,2234,11,2248,-4,-0.04446420631392112,4.428571428571429,4.5,2223.8571428571427,2189.714285714286,True,Moderate Pressure,2248,-4,0.04446420631392112,4.428571428571429,1.5714285714285714,157.14285714285714,False,False,,False,False,Normal,False,7,2025
2025-04-07,12,22,9,2237,5,2259,4,0.48932384341637825,3.4285714285714284,4.928571428571429,2235.4285714285716,2198.0,True,Moderate Pressure,2259,4,0.48932384341637825,3.4285714285714284,0.5555555555555556,55.55555555555556,False,False,,False,False,Normal,False,7,2025
2025-04-08,12,34,12,2243,9,2277,3,0.7968127490039834,3.4285714285714284,4.785714285714286,2245.285714285714,2207.714285714286,True,Moderate Pressure,2277,3,0.7968127490039834,3.4285714285714284,0.75,75.0,False,False,,False,False,Normal,False,7,2025
2025-04-09,6,19,10,2251,5,2270,5,-0.30742204655248573,3.7142857142857144,4.857142857142857,2252.714285714286,2216.714285714286,True,Moderate Pressure,2270,5,0.30742204655248573,3.7142857142857144,0.5,50.0,False,False,,False,False,Normal,False,7,2025
2025-04-10,18,25,17,2265,6,2290,11,0.8810572687224738,6.0,5.142857142857143,2261.714285714286,2225.6428571428573,True,Moderate Pressure,2290,11,0.8810572687224738,6.0,0.35294117647058826,35.294117647058826,False,False,,False,False,Normal,False,7,2025
2025-04-11,8,22,8,2267,9,2289,-1,-0.04366812227074579,4.0,4.785714285714286,2268.8571428571427,2235.4285714285716,True,Moderate Pressure,2289,-1,0.04366812227074579,4.0,1.125,112.5,False,False,,False,False,Normal,False,7,2025
2025-04-13,5,26,10,2283,3,2309,7,0.8737439930100566,3.5714285714285716,5.214285714285714,2277.4285714285716,2245.785714285714,True,Moderate Pressure,2309,7,0.8737439930100566,3.5714285714285716,0.3,30.0,False,False,,False,False,Normal,False,7,2025
2025-04-14,5,26,9,2282,13,2308,-4,-0.04330879168471524,3.5714285714285716,4.0,2286.0,2254.9285714285716,True,Moderate Pressure,2308,-4,0.04330879168471524,3.5714285714285716,1.4444444444444444,144.44444444444443,False,False,,False,False,Normal,False,7,2025
2025-04-15,4,19,12,2286,7,2305,5,-0.12998266897746857,3.7142857142857144,3.5714285714285716,2292.5714285714284,2264.0,True,Moderate Pressure,2305,5,0.12998266897746857,3.7142857142857144,0.5833333333333334,58.333333333333336,False,False,,False,False,Normal,False,7,2025
2025-04-16,11,30,5,2291,8,2321,-3,0.694143167028205,2.857142857142857,3.142857142857143,2298.8571428571427,2272.0714285714284,True,Moderate Pressure,2321,-3,0.694143167028205,2.857142857142857,1.6,160.0,False,False,,False,False,Normal,False,7,2025
2025-04-17,7,26,10,2288,14,2314,-4,-0.30159414045669575,1.5714285714285714,2.642857142857143,2305.1428571428573,2278.9285714285716,True,Moderate Pressure,2314,-4,0.30159414045669575,1.5714285714285714,1.4,140.0,False,False,,False,False,Normal,False,7,2025
2025-04-20,4,15,6,2305,4,2320,2,0.2592912705272177,0.2857142857142857,3.142857142857143,2309.4285714285716,2285.5714285714284,True,Moderate Pressure,2320,2,0.2592912705272177,0.2857142857142857,0.6666666666666666,66.66666666666666,False,False,,False,False,Normal,False,7,2025
2025-04-21,10,25,5,2308,6,2333,-1,0.5603448275862011,0.2857142857142857,2.142857142857143,2315.714285714286,2292.285714285714,True,Moderate Pressure,2333,-1,0.5603448275862011,0.2857142857142857,1.2,120.0,False,False,,False,False,Normal,False,7,2025
2025-04-22,7,19,14,2305,17,2324,-3,-0.385769395627944,-1.1428571428571428,1.2142857142857142,2317.8571428571427,2297.6428571428573,False,Relief,2324,-3,0.385769395627944,-1.1428571428571428,1.2142857142857142,121.42857142857142,False,False,,False,True,Normal,False,7,2025
2025-04-23,3,23,4,2300,11,2323,-7,-0.0430292598967319,-1.5714285714285714,1.0,2320.0,2303.0,False,Relief,2323,-7,0.0430292598967319,-1.5714285714285714,2.75,275.0,False,False,,False,True,Normal,False,7,2025
2025-04-24,3,9,7,2294,13,2303,-6,-0.860955660783469,-3.142857142857143,0.2857142857142857,2319.714285714286,2306.1428571428573,False,Relief,2303,-6,0.860955660783469,-3.142857142857143,1.8571428571428572,185.71428571428572,False,False,,False,True,Normal,False,7,2025
2025-04-27,9,40,12,2301,4,2341,8,1.6500217108119886,-1.5714285714285714,0.6428571428571429,2322.5714285714284,2310.714285714286,False,Relief,2341,8,1.6500217108119886,-1.5714285714285714,0.3333333333333333,33.33333333333333,False,False,,False,True,Normal,False,7,2025
2025-04-28,6,26,12,2307,8,2333,4,-0.34173430158052076,-0.42857142857142855,0.5714285714285714,2325.285714285714,2315.214285714286,False,Relief,2333,4,0.34173430158052076,-0.42857142857142855,0.6666666666666666,66.66666666666666,False,False,,False,True,Normal,False,7,2025
2025-04-29,11,25,11,2304,15,2329,-4,-0.17145306472353683,-1.2857142857142858,-0.5,2326.5714285714284,2318.0,False,Relief,2329,-4,0.17145306472353683,-1.2857142857142858,1.3636363636363635,136.36363636363635,False,False,,False,True,Normal,False,7,2025
2025-04-30,7,34,9,2309,12,2343,-3,0.6011163589523472,-1.5714285714285714,-0.6428571428571429,2328.0,2321.8571428571427,False,Relief,2343,-3,0.6011163589523472,-1.5714285714285714,1.3333333333333333,133.33333333333331,False,False,,False,True,Normal,False,7,2025
2025-05-01,13,32,14,2306,16,2338,-2,-0.21340162185232714,-1.4285714285714286,-1.2857142857142858,2330.0,2323.9285714285716,False,Relief,2338,-2,0.21340162185232714,-1.4285714285714286,1.1428571428571428,114.28571428571428,False,False,,False,True,Normal,False,7,2025
2025-05-04,9,31,10,2335,5,2366,5,1.1976047904191711,0.2857142857142857,-0.6428571428571429,2336.1428571428573,2328.0714285714284,True,Moderate Pressure,2366,5,1.1976047904191711,0.2857142857142857,0.5,50.0,False,False,,False,False,Normal,False,7,2025
2025-05-05,15,44,20,2331,17,2375,3,0.3803888419273038,1.5714285714285714,-0.7857142857142857,2346.4285714285716,2333.0714285714284,True,Moderate Pressure,2375,3,0.3803888419273038,1.5714285714285714,0.85,85.0,False,False,85.0,False,False,Normal,False,7,2025
2025-05-06,10,33,16,2339,16,2372,0,-0.1263157894736855,0.42857142857142855,-0.5714285714285714,2350.8571428571427,2336.714285714286,True,Moderate Pressure,2372,0,0.1263157894736855,0.42857142857142855,1.0,100.0,False,False,,False,False,Normal,False,7,2025
2025-05-07,10,30,15,2335,10,2365,5,-0.295109612141653,0.5714285714285714,0.07142857142857142,2355.4285714285716,2340.3571428571427,True,Moderate Pressure,2365,5,0.295109612141653,0.5714285714285714,0.6666666666666666,66.66666666666666,False,False,,False,False,Normal,False,7,2025
2025-05-08,15,24,16,2361,11,2385,5,0.8456659619450413,1.8571428571428572,0.2857142857142857,2363.4285714285716,2345.0,True,Moderate Pressure,2385,5,0.8456659619450413,1.8571428571428572,0.6875,68.75,False,False,,False,False,Normal,False,7,2025
2025-05-11,15,20,12,2385,3,2405,9,0.8385744234800763,3.5714285714285716,1.0,2372.285714285714,2350.1428571428573,True,Moderate Pressure,2405,9,0.8385744234800763,3.5714285714285716,0.25,25.0,False,False,,False,False,Normal,False,7,2025
2025-05-12,7,33,14,2392,7,2425,7,0.8316008316008316,4.857142857142857,1.7142857142857142,2384.714285714286,2357.3571428571427,True,Moderate Pressure,2425,7,0.8316008316008316,4.857142857142857,0.5,50.0,False,False,,False,False,Normal,False,7,2025
2025-05-13,18,29,12,2394,11,2423,1,-0.08247422680411898,4.285714285714286,2.2857142857142856,2392.8571428571427,2364.5,True,Moderate Pressure,2423,1,0.08247422680411898,4.285714285714286,0.9166666666666666,91.66666666666666,False,False,,False,False,Normal,False,7,2025
2025-05-14,7,30,14,2394,11,2424,3,0.04127115146512761,4.285714285714286,2.9285714285714284,2399.8571428571427,2373.1428571428573,True,Moderate Pressure,2424,3,0.04127115146512761,4.285714285714286,0.7857142857142857,78.57142857142857,False,False,,False,False,Normal,False,7,2025
2025-05-15,15,31,14,2410,14,2441,0,0.7013201320132056,4.285714285714286,2.357142857142857,2409.714285714286,2380.285714285714,True,Moderate Pressure,2441,0,0.7013201320132056,4.285714285714286,1.0,100.0,False,False,,False,False,Normal,False,7,2025
2025-05-18,13,28,14,2437,9,2465,5,0.9832036050798854,4.285714285714286,2.4285714285714284,2424.0,2389.714285714286,True,Moderate Pressure,2465,5,0.9832036050798854,4.285714285714286,0.6428571428571429,64.28571428571429,False,False,,False,False,Normal,False,7,2025
2025-05-19,7,27,17,2457,6,2484,11,0.7707910750507141,5.142857142857143,3.5,2438.1428571428573,2400.785714285714,True,Moderate Pressure,2484,11,0.7707910750507141,5.142857142857143,0.35294117647058826,35.294117647058826,False,False,,False,False,Normal,False,7,2025
2025-05-21,14,62,13,2467,18,2529,-5,1.8115942028985588,3.142857142857143,3.357142857142857,2455.8571428571427,2414.0714285714284,True,Moderate Pressure,2529,-5,1.8115942028985588,3.142857142857143,1.3846153846153846,138.46153846153845,False,False,,False,False,Normal,False,7,2025
2025-05-22,18,36,17,2473,15,2509,2,-0.7908264136022192,2.4285714285714284,3.642857142857143,2467.8571428571427,2426.285714285714,True,Moderate Pressure,2509,2,0.7908264136022192,2.4285714285714284,0.8823529411764706,88.23529411764706,False,False,,False,False,Normal,False,7,2025
2025-05-27,6,24,7,2504,11,2528,-4,0.757273814268622,1.7142857142857142,3.0,2482.8571428571427,2437.8571428571427,True,Moderate Pressure,2528,-4,0.757273814268622,1.7142857142857142,1.5714285714285714,157.14285714285714,False,False,,False,False,Normal,False,7,2025
2025-05-28,12,39,12,2499,14,2538,-2,0.39556962025315556,1.0,2.642857142857143,2499.1428571428573,2449.5,True,Moderate Pressure,2538,-2,0.39556962025315556,1.0,1.1666666666666667,116.66666666666667,False,False,,False,False,Normal,False,7,2025
2025-05-29,13,38,15,2506,11,2544,4,0.23640661938533203,1.5714285714285714,2.9285714285714284,2513.8571428571427,2461.785714285714,True,Moderate Pressure,2544,4,0.23640661938533203,1.5714285714285714,0.7333333333333333,73.33333333333333,False,False,,False,False,Normal,False,7,2025
2025-06-01,8,24,16,2528,12,2552,4,0.3144654088050425,1.4285714285714286,2.857142857142857,2526.285714285714,2475.1428571428573,True,Moderate Pressure,2552,4,0.3144654088050425,1.4285714285714286,0.75,75.0,False,False,,False,False,Normal,False,7,2025
2025-06-02,10,19,5,2518,16,2537,-11,-0.5877742946708508,-1.7142857142857142,1.7142857142857142,2533.8571428571427,2486.0,False,Relief,2537,-11,0.5877742946708508,-1.7142857142857142,3.2,320.0,False,False,,False,False,Normal,False,7,2025
2025-06-03,5,23,11,2519,15,2542,-4,0.19708316909736734,-1.5714285714285714,0.7857142857142857,2535.714285714286,2495.785714285714,False,Relief,2542,-4,0.19708316909736734,-1.5714285714285714,1.3636363636363635,136.36363636363635,False,False,,False,False,Normal,False,7,2025
2025-06-04,4,16,9,2516,16,2532,-7,-0.3933910306844979,-2.857142857142857,-0.21428571428571427,2539.0,2503.4285714285716,False,Relief,2532,-7,0.3933910306844979,-2.857142857142857,1.7777777777777777,177.77777777777777,False,False,,False,False,Normal,False,7,2025
2025-06-05,8,26,5,2503,21,2529,-16,-0.11848341232227888,-4.571428571428571,-1.4285714285714286,2539.1428571428573,2511.0,False,Relief,2529,-16,0.11848341232227888,-4.571428571428571,4.2,420.0,False,False,,False,False,Normal,False,7,2025
2025-06-08,10,16,15,2507,13,2523,2,-0.23724792408066353,-4.0,-1.5,2537.0,2518.0714285714284,False,Relief,2523,2,0.23724792408066353,-4.0,0.8666666666666667,86.66666666666667,False,False,,False,False,Normal,False,7,2025
2025-06-09,8,21,14,2516,9,2537,5,0.5548949663099378,-3.857142857142857,-1.1428571428571428,2536.0,2524.9285714285716,False,Relief,2537,5,0.5548949663099378,-3.857142857142857,0.6428571428571429,64.28571428571429,False,False,,False,False,Normal,False,7,2025
2025-06-10,17,28,7,2511,12,2539,-5,0.07883326763893361,-5.142857142857143,-1.8571428571428572,2534.1428571428573,2530.214285714286,False,Relief,2539,-5,0.07883326763893361,-5.142857142857143,1.7142857142857142,171.42857142857142,False,False,,False,False,Normal,False,7,2025
2025-06-17,7,24,10,2523,14,2547,-4,0.3150846790074935,-4.142857142857143,-2.9285714285714284,2535.5714285714284,2534.714285714286,False,Relief,2547,-4,0.3150846790074935,-4.142857142857143,1.4,140.0,False,False,,False,False,Normal,False,7,2025
2025-06-19,8,19,7,2501,18,2520,-11,-1.0600706713780883,-5.142857142857143,-3.357142857142857,2532.4285714285716,2534.0714285714284,False,Relief,2520,-11,1.0600706713780883,-5.142857142857143,2.5714285714285716,257.14285714285717,False,False,,False,False,Normal,False,7,2025
2025-06-22,7,13,5,2508,7,2521,-2,0.03968253968253954,-4.428571428571429,-3.642857142857143,2530.8571428571427,2534.9285714285716,False,Relief,2521,-2,0.03968253968253954,-4.428571428571429,1.4,140.0,False,False,,False,False,Normal,False,7,2025
2025-06-23,3,15,5,2495,17,2510,-12,-0.4363347877826218,-3.857142857142857,-4.214285714285714,2528.1428571428573,2533.6428571428573,False,Relief,2510,-12,0.4363347877826218,-3.857142857142857,3.4,340.0,False,False,,False,False,Normal,False,7,2025
2025-06-24,5,20,5,2489,16,2509,-11,-0.03984063745019473,-5.714285714285714,-4.857142857142857,2526.1428571428573,2531.5714285714284,False,Relief,2509,-11,0.03984063745019473,-5.714285714285714,3.2,320.0,False,False,,False,False,Normal,False,7,2025
2025-06-25,6,12,2,2470,24,2482,-22,-1.0761259465922657,-9.571428571428571,-6.714285714285714,2518.285714285714,2527.1428571428573,False,Relief,2482,-22,1.0761259465922657,-9.571428571428571,12.0,1200.0,False,False,,False,True,Normal,False,7,2025
2025-06-26,3,9,7,2447,35,2456,-28,-1.0475423045930743,-12.857142857142858,-9.0,2506.4285714285716,2520.285714285714,False,Relief,2456,-28,1.0475423045930743,-12.857142857142858,5.0,500.0,False,False,,False,True,Normal,False,7,2025
2025-06-29,5,17,7,2413,20,2430,-13,-1.0586319218241047,-14.142857142857142,-9.142857142857142,2489.714285714286,2512.6428571428573,False,Relief,2430,-13,1.0586319218241047,-14.142857142857142,2.857142857142857,285.7142857142857,False,False,,False,True,Normal,False,7,2025
2025-06-30,9,22,8,2407,16,2429,-8,-0.04115226337448874,-13.714285714285714,-9.428571428571429,2476.714285714286,2504.5714285714284,False,Relief,2429,-8,0.04115226337448874,-13.714285714285714,2.0,200.0,False,False,,False,True,Normal,False,7,2025
2025-07-01,7,14,6,2391,22,2405,-16,-0.9880609304240395,-15.714285714285714,-10.071428571428571,2460.1428571428573,2495.5,False,Relief,2405,-16,0.9880609304240395,-15.714285714285714,3.6666666666666665,366.66666666666663,False,False,,False,True,Normal,False,7,2025
2025-07-02,8,20,9,2373,38,2393,-29,-0.498960498960499,-18.142857142857142,-11.0,2443.4285714285716,2485.785714285714,False,Relief,2393,-29,0.498960498960499,-18.142857142857142,4.222222222222222,422.22222222222223,False,False,,False,True,Normal,False,7,2025
2025-07-06,4,17,2,2332,8,2349,-6,-1.8386961972419513,-17.428571428571427,-11.571428571428571,2420.5714285714284,2473.3571428571427,False,Relief,2349,-6,1.8386961972419513,-17.428571428571427,4.0,400.0,False,False,,False,True,Normal,False,7,2025
2025-07-07,3,18,8,2317,20,2335,-12,-0.5959982971477262,-16.0,-12.785714285714286,2399.5714285714284,2458.9285714285716,False,Relief,2335,-12,0.5959982971477262,-16.0,2.5,250.0,False,False,,False,True,Normal,False,7,2025
2025-07-08,5,16,8,2306,20,2322,-12,-0.5567451820128522,-13.714285714285714,-13.285714285714286,2380.4285714285716,2443.4285714285716,False,Relief,2322,-12,0.5567451820128522,-13.714285714285714,2.5,250.0,False,False,,False,True,Normal,False,7,2025
2025-07-09,2,18,0,2281,32,2299,-32,-0.9905254091300608,-16.428571428571427,-15.285714285714286,2361.714285714286,2425.714285714286,False,Relief,2299,-32,0.9905254091300608,-16.428571428571427,,,False,False,,False,True,Normal,False,7,2025
2025-07-10,2,12,3,2252,39,2264,-36,-1.5224010439321423,-20.428571428571427,-17.071428571428573,2338.1428571428573,2407.4285714285716,False,Relief,2264,-36,1.5224010439321423,-20.428571428571427,13.0,1300.0,False,False,,False,True,Normal,False,7,2025
2025-07-13,1,13,4,2204,10,2217,-6,-2.075971731448767,-19.0,-17.357142857142858,2311.285714285714,2385.714285714286,False,Relief,2217,-6,2.075971731448767,-19.0,2.5,250.0,False,False,,False,True,Normal,False,7,2025
2025-07-14,2,9,1,2181,26,2190,-25,-1.2178619756427644,-18.428571428571427,-18.285714285714285,2282.285714285714,2362.8571428571427,False,Relief,2190,-25,1.2178619756427644,-18.428571428571427,26.0,2600.0,False,False,,False,True,Normal,False,7,2025
2025-07-15,0,8,5,2171,17,2179,-12,-0.5022831050228271,-19.285714285714285,-18.357142857142858,2258.0,2339.285714285714,False,Relief,2179,-12,0.5022831050228271,-19.285714285714285,3.4,340.0,False,False,,False,True,Normal,False,7,2025
2025-07-16,1,9,0,2164,11,2173,-11,-0.275355667737498,-19.142857142857142,-17.571428571428573,2234.8571428571427,2317.214285714286,False,Relief,2173,-11,0.275355667737498,-19.142857142857142,,,False,False,,False,True,Normal,False,7,2025
2025-07-17,3,16,2,2153,17,2169,-15,-0.18407731247124248,-19.571428571428573,-16.642857142857142,2213.0,2296.714285714286,False,Relief,2169,-15,0.18407731247124248,-19.571428571428573,8.5,850.0,False,False,,False,True,Normal,False,7,2025
2025-07-21,4,18,7,2121,16,2139,-9,-1.3831258644536604,-16.285714285714285,-16.357142857142858,2190.1428571428573,2275.9285714285716,False,Relief,2139,-9,1.3831258644536604,-16.285714285714285,2.2857142857142856,228.57142857142856,False,False,,False,True,Normal,False,7,2025
2025-07-22,5,13,3,2117,16,2130,-13,-0.42075736325385416,-13.0,-16.714285714285715,2171.0,2254.5714285714284,False,Relief,2130,-13,0.42075736325385416,-13.0,5.333333333333333,533.3333333333333,False,False,,False,True,Normal,False,7,2025
2025-07-23,6,21,5,2111,14,2132,-9,0.09389671361501595,-13.428571428571429,-16.214285714285715,2158.8571428571427,2235.0714285714284,False,Relief,2132,-9,0.09389671361501595,-13.428571428571429,2.8,280.0,False,False,,False,True,Normal,False,7,2025
2025-07-24,6,18,7,2096,29,2114,-22,-0.8442776735459678,-13.0,-15.714285714285714,2148.0,2215.1428571428573,False,Relief,2114,-22,0.8442776735459678,-13.0,4.142857142857143,414.28571428571433,False,False,,False,True,Normal,False,7,2025
2025-07-27,1,12,2,2088,4,2100,-2,-0.6622516556291425,-11.571428571428571,-15.428571428571429,2136.714285714286,2197.3571428571427,False,Relief,2100,-2,0.6622516556291425,-11.571428571428571,2.0,200.0,False,False,,False,True,Normal,False,7,2025
2025-07-28,2,9,3,2080,14,2089,-11,-0.5238095238095264,-11.571428571428571,-15.357142857142858,2124.714285714286,2179.785714285714,False,Relief,2089,-11,0.5238095238095264,-11.571428571428571,4.666666666666667,466.6666666666667,False,False,,False,True,Normal,False,7,2025
2025-07-29,2,8,3,2072,12,2080,-9,-0.43082814743896636,-10.714285714285714,-15.142857142857142,2112.0,2162.5,False,Relief,2080,-9,0.43082814743896636,-10.714285714285714,4.0,400.0,False,False,,False,True,Normal,False,7,2025
2025-07-30,4,15,4,2063,16,2078,-12,-0.09615384615384581,-11.142857142857142,-13.714285714285714,2103.285714285714,2146.714285714286,False,Relief,2078,-12,0.09615384615384581,-11.142857142857142,4.0,400.0,False,False,,False,True,Normal,False,7,2025
2025-07-31,2,9,6,2058,15,2067,-9,-0.5293551491819093,-10.571428571428571,-11.785714285714286,2094.285714285714,2132.6428571428573,False,Relief,2067,-9,0.5293551491819093,-10.571428571428571,2.5,250.0,False,False,,False,True,Normal,False,7,2025
2025-08-03,5,26,3,2049,5,2075,-2,0.38703434929849845,-9.571428571428571,-11.5,2086.1428571428573,2122.5,False,Relief,2075,-2,0.38703434929849845,-9.571428571428571,1.6666666666666667,166.66666666666669,False,False,,False,True,Normal,False,7,2025
2025-08-04,5,22,11,2040,14,2062,-3,-0.6265060240963849,-6.857142857142857,-9.928571428571429,2078.714285714286,2113.3571428571427,False,Relief,2062,-3,0.6265060240963849,-6.857142857142857,1.2727272727272727,127.27272727272727,False,False,,False,True,Normal,False,7,2025
2025-08-05,2,21,10,2042,14,2063,-4,0.04849660523762456,-7.142857142857143,-9.357142857142858,2073.4285714285716,2105.0714285714284,False,Relief,2063,-4,0.04849660523762456,-7.142857142857143,1.4,140.0,False,False,,False,True,Normal,False,7,2025
2025-08-06,4,17,3,2036,13,2053,-10,-0.4847309743092554,-7.0,-9.285714285714286,2068.285714285714,2096.5,False,Relief,2053,-10,0.4847309743092554,-7.0,4.333333333333333,433.3333333333333,False,False,,False,True,Normal,False,7,2025
2025-08-07,4,18,6,2031,17,2049,-11,-0.1948368241597609,-7.285714285714286,-9.0,2063.8571428571427,2087.9285714285716,False,Relief,2049,-11,0.1948368241597609,-7.285714285714286,2.8333333333333335,283.33333333333337,False,False,,False,True,Normal,False,7,2025
2025-08-10,0,18,8,2006,12,2024,-4,-1.2201073694485087,-6.142857142857143,-8.642857142857142,2056.1428571428573,2079.714285714286,False,Relief,2024,-4,1.2201073694485087,-6.142857142857143,1.5,150.0,False,False,,False,True,Normal,False,7,2025
2025-08-11,6,23,4,1999,16,2022,-12,-0.09881422924901129,-6.571428571428571,-8.571428571428571,2049.714285714286,2072.0,False,Relief,2022,-12,0.09881422924901129,-6.571428571428571,4.0,400.0,False,False,,False,True,Normal,False,7,2025
2025-08-12,8,38,9,1999,9,2037,0,0.7418397626112849,-6.285714285714286,-7.928571428571429,2044.2857142857142,2065.214285714286,False,Relief,2037,0,0.7418397626112849,-6.285714285714286,1.0,100.0,False,False,,False,True,Normal,False,7,2025
2025-08-13,6,22,12,1997,17,2019,-5,-0.8836524300441795,-6.571428571428571,-6.714285714285714,2038.142857142857,2058.4285714285716,False,Relief,2019,-5,0.8836524300441795,-6.571428571428571,1.4166666666666667,141.66666666666669,False,False,,False,True,Normal,False,7,2025
2025-08-14,3,27,4,1994,11,2021,-7,0.0990589400693409,-7.0,-7.071428571428571,2032.142857142857,2052.785714285714,False,Relief,2021,-7,0.0990589400693409,-7.0,2.75,275.0,False,False,,False,True,Normal,False,7,2025
2025-08-17,4,14,2,1991,3,2005,-1,-0.7916872835230127,-5.714285714285714,-6.357142857142857,2025.2857142857142,2046.7857142857142,False,Relief,2005,-1,0.7916872835230127,-5.714285714285714,1.5,150.0,False,False,,False,True,Normal,False,7,2025
2025-08-18,4,20,6,1985,14,2005,-8,0.0,-5.285714285714286,-6.285714285714286,2019.0,2041.4285714285713,False,Relief,2005,-8,0.0,-5.285714285714286,2.3333333333333335,233.33333333333334,False,False,,False,True,Normal,False,7,2025
2025-08-19,5,35,3,1980,11,2015,-8,0.4987531172069737,-5.857142857142857,-6.0,2017.7142857142858,2036.9285714285713,False,Relief,2015,-8,0.4987531172069737,-5.857142857142857,3.6666666666666665,366.66666666666663,False,False,,False,True,Normal,False,7,2025
2025-08-20,10,38,10,1983,10,2021,0,0.29776674937964653,-4.142857142857143,-5.357142857142857,2017.5714285714287,2033.642857142857,False,Relief,2021,0,0.29776674937964653,-4.142857142857143,1.0,100.0,False,False,,False,True,Normal,False,7,2025
2025-08-21,6,49,8,1972,21,2021,-13,0.0,-6.0,-6.142857142857143,2015.2857142857142,2029.7857142857142,False,Relief,2021,-13,0.0,-6.0,2.625,262.5,False,False,,False,True,Normal,False,7,2025
2025-08-24,4,21,5,1981,5,2002,0,-0.9401286491835692,-5.285714285714286,-5.928571428571429,2012.857142857143,2025.5,False,Relief,2002,0,0.9401286491835692,-5.285714285714286,1.0,100.0,False,False,,False,True,Normal,False,7,2025
2025-08-25,8,30,8,1980,11,2010,-3,0.3996003996004083,-4.714285714285714,-5.857142857142857,2011.2857142857142,2021.7142857142858,False,Relief,2010,-3,0.3996003996004083,-4.714285714285714,1.375,137.5,False,False,,False,True,Normal,False,7,2025
2025-08-26,10,21,20,1989,15,2010,5,0.0,-3.857142857142857,-4.785714285714286,2012.0,2018.642857142857,False,Relief,2010,5,0.0,-3.857142857142857,0.75,75.0,False,False,75.0,False,True,Normal,False,7,2025
2025-08-27,5,19,9,1988,19,2007,-10,-0.14925373134327957,-4.142857142857143,-4.714285714285714,2012.2857142857142,2015.642857142857,False,Relief,2007,-10,0.14925373134327957,-4.142857142857143,2.111111111111111,211.11111111111111,False,False,,False,True,Normal,False,7,2025
2025-08-28,8,33,6,1984,17,2017,-11,0.49825610363727346,-4.571428571428571,-5.214285714285714,2012.5714285714287,2015.142857142857,False,Relief,2017,-11,0.49825610363727346,-4.571428571428571,2.8333333333333335,283.33333333333337,False,False,,False,True,Normal,False,7,2025
2025-09-01,10,29,17,2010,5,2039,12,1.0907288051561714,-2.857142857142857,-3.5,2015.142857142857,2016.357142857143,False,Relief,2039,12,1.0907288051561714,-2.857142857142857,0.29411764705882354,29.411764705882355,False,False,,False,True,Normal,False,7,2025
2025-09-02,6,35,9,2020,9,2055,0,0.7846983815595898,-1.0,-3.5,2020.0,2017.642857142857,False,Relief,2055,0,0.7846983815595898,-1.0,1.0,100.0,False,False,,False,True,Normal,False,7,2025
2025-09-03,4,29,11,2019,10,2048,1,-0.3406326034063212,-0.8571428571428571,-3.0714285714285716,2026.5714285714287,2019.7142857142858,False,Relief,2048,1,0.3406326034063212,-0.8571428571428571,0.9090909090909091,90.9090909090909,False,False,,False,True,Normal,False,7,2025
2025-09-04,11,40,2,2015,14,2055,-12,0.341796875,-2.142857142857143,-3.4285714285714284,2033.0,2022.142857142857,False,Relief,2055,-12,0.341796875,-2.142857142857143,7.0,700.0,False,False,,False,True,Normal,False,7,2025
2025-09-07,4,19,9,2026,7,2045,2,-0.48661800486617945,-2.5714285714285716,-3.2142857142857144,2038.0,2025.0,False,Relief,2045,2,0.48661800486617945,-2.5714285714285716,0.7777777777777778,77.77777777777779,False,False,,False,True,Normal,False,7,2025
2025-09-08,7,25,5,2025,6,2050,-1,0.24449877750611915,-1.2857142857142858,-2.7142857142857144,2044.142857142857,2028.2142857142858,False,Relief,2050,-1,0.24449877750611915,-1.2857142857142858,1.2,120.0,False,False,,False,True,Normal,False,7,2025
2025-09-09,18,42,11,2023,14,2065,-3,0.7317073170731714,-0.14285714285714285,-2.357142857142857,2051.0,2031.7857142857142,False,Relief,2065,-3,0.7317073170731714,-0.14285714285714285,1.2727272727272727,127.27272727272727,False,False,,False,True,Normal,False,7,2025
2025-09-10,10,47,14,2025,18,2072,-4,0.3389830508474523,-2.4285714285714284,-2.642857142857143,2055.714285714286,2035.4285714285713,False,Relief,2072,-4,0.3389830508474523,-2.4285714285714284,1.2857142857142858,128.57142857142858,False,False,,False,True,Normal,False,7,2025
2025-09-11,12,38,29,2047,6,2085,23,0.6274131274131234,0.8571428571428571,-0.07142857142857142,2060.0,2040.0,True,Moderate Pressure,2085,23,0.6274131274131234,0.8571428571428571,0.20689655172413793,20.689655172413794,False,False,20.689655172413794,False,False,Normal,False,7,2025
2025-09-14,7,39,13,2083,5,2122,8,1.7745803357314127,1.8571428571428572,0.5,2070.5714285714284,2048.5714285714284,True,Moderate Pressure,2122,8,1.7745803357314127,1.8571428571428572,0.38461538461538464,38.46153846153847,False,False,,False,False,Normal,False,7,2025
2025-09-15,9,47,10,2086,10,2133,0,0.5183788878416529,3.5714285714285716,0.7142857142857143,2081.714285714286,2057.3571428571427,True,Moderate Pressure,2133,0,0.5183788878416529,3.5714285714285716,1.0,100.0,False,False,,False,False,Normal,False,7,2025
2025-09-16,7,28,17,2095,12,2123,5,-0.46882325363337696,4.0,0.7142857142857143,2092.8571428571427,2065.4285714285716,True,Moderate Pressure,2123,5,0.46882325363337696,4.0,0.7058823529411765,70.58823529411765,False,False,,False,False,Normal,False,7,2025
2025-09-17,7,38,5,2096,13,2134,-8,0.5181347150259086,3.0,0.8571428571428571,2104.8571428571427,2074.5,True,Moderate Pressure,2134,-8,0.5181347150259086,3.0,2.6,260.0,False,False,,False,False,Normal,False,7,2025
2025-09-18,20,52,11,2096,14,2148,-3,0.6560449859418949,3.0,1.4285714285714286,2116.714285714286,2083.8571428571427,True,Moderate Pressure,2148,-3,0.6560449859418949,3.0,1.2727272727272727,127.27272727272727,False,False,,False,False,Normal,False,7,2025
2025-09-21,8,35,13,2134,5,2169,8,0.9776536312849249,4.714285714285714,1.1428571428571428,2130.5714285714284,2093.1428571428573,True,Moderate Pressure,2169,8,0.9776536312849249,4.714285714285714,0.38461538461538464,38.46153846153847,False,False,,False,False,Normal,False,7,2025
2025-09-22,17,40,14,2141,10,2181,4,0.5532503457814641,2.0,1.4285714285714286,2144.285714285714,2102.1428571428573,True,Moderate Pressure,2181,4,0.5532503457814641,2.0,0.7142857142857143,71.42857142857143,False,False,,False,False,Normal,False,7,2025
2025-09-23,11,36,10,2145,15,2181,-5,0.0,0.14285714285714285,1.0,2152.714285714286,2111.6428571428573,True,Moderate Pressure,2181,-5,0.0,0.14285714285714285,1.5,150.0,False,False,,False,False,Normal,False,7,2025
2025-09-24,3,38,12,2138,17,2176,-5,-0.22925263640531934,-0.5714285714285714,1.5,2158.8571428571427,2120.285714285714,False,Relief,2176,-5,0.22925263640531934,-0.5714285714285714,1.4166666666666667,141.66666666666669,False,False,,False,True,Normal,False,7,2025
2025-09-25,6,35,12,2132,18,2167,-6,-0.4136029411764719,-2.142857142857143,0.9285714285714286,2165.1428571428573,2129.0,False,Relief,2167,-6,0.4136029411764719,-2.142857142857143,1.5,150.0,False,False,,False,True,Normal,False,7,2025
2025-09-28,11,29,12,2146,9,2175,3,0.369173973234882,-0.5714285714285714,1.2142857142857142,2171.0,2137.9285714285716,False,Relief,2175,3,0.369173973234882,-0.5714285714285714,0.75,75.0,False,False,,False,True,Normal,False,7,2025
2025-09-29,8,35,12,2148,13,2183,-1,0.36781609195402076,-0.2857142857142857,1.3571428571428572,2176.0,2146.3571428571427,False,Relief,2183,-1,0.36781609195402076,-0.2857142857142857,1.0833333333333333,108.33333333333333,False,False,,False,True,Normal,False,7,2025
2025-09-30,8,32,12,2159,7,2191,5,0.3664681630783262,-0.7142857142857143,2.0,2179.1428571428573,2154.8571428571427,False,Relief,2191,5,0.3664681630783262,-0.7142857142857143,0.5833333333333334,58.333333333333336,False,False,,False,True,Normal,False,7,2025
2025-10-01,4,33,12,2163,14,2196,-2,0.22820629849384932,-1.5714285714285714,0.21428571428571427,2181.285714285714,2162.785714285714,False,Relief,2196,-2,0.22820629849384932,-1.5714285714285714,1.1666666666666667,116.66666666666667,False,False,,False,True,Normal,False,7,2025
2025-10-02,20,51,15,2164,16,2215,-1,0.8652094717668479,-1.0,-0.42857142857142855,2186.1428571428573,2169.4285714285716,False,Relief,2215,-1,0.8652094717668479,-1.0,1.0666666666666667,106.66666666666667,False,False,,False,True,Normal,False,7,2025
2025-10-05,8,28,13,2180,16,2208,-3,-0.31602708803611934,-0.7142857142857143,-0.6428571428571429,2190.714285714286,2174.785714285714,False,Relief,2208,-3,0.31602708803611934,-0.7142857142857143,1.2307692307692308,123.07692307692308,False,False,,False,True,Normal,False,7,2025
2025-10-06,5,33,15,2187,10,2220,5,0.5434782608695565,0.8571428571428571,-0.6428571428571429,2198.285714285714,2181.714285714286,True,Moderate Pressure,2220,5,0.5434782608695565,0.8571428571428571,0.6666666666666666,66.66666666666666,False,False,,False,False,Normal,False,7,2025
2025-10-07,11,45,4,2189,10,2234,-6,0.6306306306306242,-0.42857142857142855,-0.5,2206.714285714286,2188.8571428571427,False,Relief,2234,-6,0.6306306306306242,-0.42857142857142855,2.5,250.0,False,False,,False,True,Normal,False,7,2025
2025-10-08,8,49,15,2192,17,2241,-2,0.3133393017009878,-0.5714285714285714,-0.42857142857142855,2215.0,2195.5,False,Relief,2241,-2,0.3133393017009878,-0.5714285714285714,1.1333333333333333,113.33333333333333,False,False,,False,True,Normal,False,7,2025
2025-10-09,11,55,13,2192,12,2247,1,0.2677376171352108,-1.1428571428571428,-0.9285714285714286,2223.0,2201.0714285714284,False,Relief,2247,1,0.2677376171352108,-1.1428571428571428,0.9230769230769231,92.3076923076923,False,False,,False,True,Normal,False,7,2025
2025-10-13,8,24,7,2223,6,2247,1,0.0,-0.7142857142857143,-1.1428571428571428,2230.285714285714,2205.785714285714,False,Relief,2247,1,0.0,-0.7142857142857143,0.8571428571428571,85.71428571428571,False,False,,False,True,Normal,False,7,2025
2025-10-14,7,30,16,2235,8,2265,8,0.8010680907877266,0.5714285714285714,-0.21428571428571427,2237.4285714285716,2211.785714285714,True,Moderate Pressure,2265,8,0.8010680907877266,0.5714285714285714,0.5,50.0,False,False,,False,False,Normal,False,7,2025
2025-10-15,8,29,10,2225,15,2254,-5,-0.4856512141280356,0.2857142857142857,-0.21428571428571427,2244.0,2217.3571428571427,True,Moderate Pressure,2254,-5,0.4856512141280356,0.2857142857142857,1.5,150.0,False,False,,False,False,Normal,False,7,2025
2025-10-16,9,33,15,2233,9,2266,6,0.5323868677906018,0.42857142857142855,0.6428571428571429,2250.5714285714284,2224.4285714285716,True,Moderate Pressure,2266,6,0.5323868677906018,0.42857142857142855,0.6,60.0,False,False,,False,False,Normal,False,7,2025
2025-10-19,9,34,17,2237,7,2271,10,0.22065313327448433,2.7142857142857144,1.1428571428571428,2255.8571428571427,2231.285714285714,True,Moderate Pressure,2271,10,0.22065313327448433,2.7142857142857144,0.4117647058823529,41.17647058823529,False,False,,False,False,Normal,False,7,2025
2025-10-20,10,39,6,2243,7,2282,-1,0.484368119771017,2.857142857142857,1.1428571428571428,2261.714285714286,2238.3571428571427,True,Moderate Pressure,2282,-1,0.484368119771017,2.857142857142857,1.1666666666666667,116.66666666666667,False,False,,False,False,Normal,False,7,2025
2025-10-21,13,39,17,2251,9,2290,8,0.35056967572304476,3.857142857142857,1.3571428571428572,2267.8571428571427,2245.4285714285716,True,Moderate Pressure,2290,8,0.35056967572304476,3.857142857142857,0.5294117647058824,52.94117647058824,False,False,,False,False,Normal,False,7,2025
2025-10-22,12,42,13,2261,12,2303,1,0.5676855895196509,3.857142857142857,1.5714285714285714,2275.8571428571427,2253.0714285714284,True,Moderate Pressure,2303,1,0.5676855895196509,3.857142857142857,0.9230769230769231,92.3076923076923,False,False,,False,False,Normal,False,7,2025
2025-10-23,4,27,26,2266,18,2293,8,-0.43421623968736833,3.857142857142857,2.2142857142857144,2279.8571428571427,2258.6428571428573,True,Moderate Pressure,2293,8,0.43421623968736833,3.857142857142857,0.6923076923076923,69.23076923076923,False,False,69.23076923076923,False,False,Normal,False,7,2025
2025-10-26,4,35,12,2276,10,2311,2,0.7849978194504947,4.857142857142857,2.5714285714285716,2288.0,2266.0,True,Moderate Pressure,2311,2,0.7849978194504947,4.857142857142857,0.8333333333333334,83.33333333333334,False,False,,False,False,Normal,False,7,2025
2025-10-27,2,31,8,2282,11,2313,-3,0.08654262224145892,3.5714285714285716,2.0,2294.714285714286,2272.6428571428573,True,Moderate Pressure,2313,-3,0.08654262224145892,3.5714285714285716,1.375,137.5,False,False,,False,False,Normal,False,7,2025
2025-10-28,6,22,11,2286,6,2308,5,-0.2161694768698652,2.857142857142857,2.7857142857142856,2300.0,2277.9285714285716,True,Moderate Pressure,2308,5,0.2161694768698652,2.857142857142857,0.5454545454545454,54.54545454545454,False,False,,False,False,Normal,False,7,2025
2025-10-29,6,25,4,2280,17,2305,-13,-0.12998266897746857,1.1428571428571428,2.0,2303.285714285714,2282.5,True,Moderate Pressure,2305,-13,0.12998266897746857,1.1428571428571428,4.25,425.0,False,False,,False,False,Normal,False,7,2025
2025-10-30,3,17,14,2287,12,2304,2,-0.04338394793925726,0.2857142857142857,2.0714285714285716,2305.285714285714,2286.5714285714284,True,Moderate Pressure,2304,2,0.04338394793925726,0.2857142857142857,0.8571428571428571,85.71428571428571,False,False,,False,False,Normal,False,7,2025
2025-11-02,5,21,10,2277,7,2298,3,-0.26041666666666297,0.5714285714285714,2.2142857142857144,2304.5714285714284,2290.214285714286,True,Moderate Pressure,2298,3,0.26041666666666297,0.5714285714285714,0.7,70.0,False,False,,False,False,Normal,False,7,2025
2025-11-03,3,28,5,2269,12,2297,-7,-0.04351610095735259,-1.5714285714285714,1.1428571428571428,2305.1428571428573,2292.5,False,Relief,2297,-7,0.04351610095735259,-1.5714285714285714,2.4,240.0,False,False,,False,True,Normal,False,7,2025
2025-11-04,6,33,6,2270,8,2303,-2,0.2612102742707956,-2.142857142857143,1.3571428571428572,2304.0,2296.0,False,Relief,2303,-2,0.2612102742707956,-2.142857142857143,1.3333333333333333,133.33333333333331,False,False,,False,True,Normal,False,7,2025
2025-11-05,8,41,8,2272,7,2313,1,0.43421623968735723,-1.5714285714285714,1.0,2304.0,2299.3571428571427,False,Relief,2313,1,0.43421623968735723,-1.5714285714285714,0.875,87.5,False,False,,False,True,Normal,False,7,2025
2025-11-06,6,33,9,2264,19,2297,-10,-0.6917423259835687,-3.7142857142857144,-0.42857142857142855,2302.4285714285716,2301.214285714286,False,Relief,2297,-10,0.6917423259835687,-3.7142857142857144,2.111111111111111,211.11111111111111,False,False,,False,True,Normal,False,7,2025
2025-11-09,11,33,5,2294,4,2327,1,1.3060513713539335,-1.7142857142857142,-0.2857142857142857,2305.5714285714284,2304.4285714285716,False,Relief,2327,1,1.3060513713539335,-1.7142857142857142,0.8,80.0,False,False,,False,True,Normal,False,7,2025
2025-11-11,11,39,12,2294,14,2333,-2,0.25784271594326835,-2.2857142857142856,-1.0,2309.714285714286,2307.5,False,Relief,2333,-2,0.25784271594326835,-2.2857142857142856,1.1666666666666667,116.66666666666667,False,False,,False,True,Normal,False,7,2025
2025-11-12,14,48,20,2302,7,2350,13,0.7286755250750065,-0.8571428571428571,-0.14285714285714285,2317.1428571428573,2310.8571428571427,False,Relief,2350,13,0.7286755250750065,-0.8571428571428571,0.35,35.0,False,False,35.0,False,True,Normal,False,7,2025
2025-11-13,6,26,16,2317,5,2343,11,-0.29787234042553123,1.7142857142857142,0.07142857142857142,2323.714285714286,2314.4285714285716,True,Moderate Pressure,2343,11,0.29787234042553123,1.7142857142857142,0.3125,31.25,False,False,,False,False,Normal,False,7,2025
2025-11-16,5,22,3,2340,5,2362,-2,0.8109261630388387,1.7142857142857142,-0.21428571428571427,2332.1428571428573,2318.0714285714284,True,Moderate Pressure,2362,-2,0.8109261630388387,1.7142857142857142,1.6666666666666667,166.66666666666669,False,False,,False,False,Normal,False,7,2025
2025-11-17,1,35,6,2343,8,2378,-2,0.6773920406435208,1.2857142857142858,-0.14285714285714285,2341.4285714285716,2322.714285714286,True,Moderate Pressure,2378,-2,0.6773920406435208,1.2857142857142858,1.3333333333333333,133.33333333333331,False,False,,False,False,Normal,False,7,2025
2025-11-18,2,38,8,2345,12,2383,-4,0.2102607232968845,2.142857142857143,-0.7857142857142857,2353.714285714286,2328.0714285714284,True,Moderate Pressure,2383,-4,0.2102607232968845,2.142857142857143,1.5,150.0,False,False,,False,False,Normal,False,7,2025
2025-11-19,7,32,3,2340,10,2372,-7,-0.46160302140159093,1.0,-0.35714285714285715,2360.1428571428573,2332.8571428571427,True,Moderate Pressure,2372,-7,0.46160302140159093,1.0,3.3333333333333335,333.33333333333337,False,False,,False,False,Normal,False,7,2025
2025-11-20,18,57,8,2340,9,2397,-1,1.0539629005059004,1.1428571428571428,-0.5714285714285714,2369.285714285714,2339.5,True,Moderate Pressure,2397,-1,1.0539629005059004,1.1428571428571428,1.125,112.5,False,False,,False,False,Normal,False,7,2025
2025-11-23,3,46,22,2375,1,2421,21,1.001251564455563,2.2857142857142856,0.7142857142857143,2379.4285714285716,2348.285714285714,True,Moderate Pressure,2421,21,1.001251564455563,2.2857142857142856,0.045454545454545456,4.545454545454546,False,False,4.545454545454546,False,False,Normal,False,7,2025
2025-11-24,9,40,9,2371,13,2411,-4,-0.41305245766212195,0.14285714285714285,0.9285714285714286,2389.1428571428573,2356.4285714285716,True,Moderate Pressure,2411,-4,0.41305245766212195,0.14285714285714285,1.4444444444444444,144.44444444444443,False,False,,False,False,Normal,False,7,2025
2025-11-25,6,47,14,2375,11,2422,3,0.45624222314393226,0.8571428571428571,1.2857142857142858,2397.714285714286,2364.9285714285716,True,Moderate Pressure,2422,3,0.45624222314393226,0.8571428571428571,0.7857142857142857,78.57142857142857,False,False,,False,False,Normal,False,7,2025
2025-11-27,4,24,8,2389,7,2413,1,-0.37159372419488523,1.2857142857142858,1.2857142857142858,2402.714285714286,2372.0714285714284,True,Moderate Pressure,2413,1,0.37159372419488523,1.2857142857142858,0.875,87.5,False,False,,False,False,Normal,False,7,2025
2025-11-30,4,18,10,2415,0,2433,10,0.8288437629506928,3.2857142857142856,2.7142857142857144,2409.8571428571427,2381.785714285714,True,Moderate Pressure,2433,10,0.8288437629506928,3.2857142857142856,0.0,0.0,False,False,,False,False,Normal,False,7,2025
2025-12-01,4,26,4,2410,9,2436,-5,0.12330456226881115,3.5714285714285716,2.2857142857142856,2419.0,2389.5714285714284,True,Moderate Pressure,2436,-5,0.12330456226881115,3.5714285714285716,2.25,225.0,False,False,,False,False,Normal,False,7,2025
2025-12-02,7,34,6,2407,8,2441,-2,0.20525451559934016,3.4285714285714284,2.2857142857142856,2425.285714285714,2397.285714285714,True,Moderate Pressure,2441,-2,0.20525451559934016,3.4285714285714284,1.3333333333333333,133.33333333333331,False,False,,False,False,Normal,False,7,2025
2025-12-03,4,32,8,2419,7,2451,1,0.4096681687832948,0.5714285714285714,1.4285714285714286,2429.5714285714284,2404.5,True,Moderate Pressure,2451,1,0.4096681687832948,0.5714285714285714,0.875,87.5,False,False,,False,False,Normal,False,7,2025
2025-12-04,16,39,7,2418,13,2457,-6,0.244798041615657,0.2857142857142857,0.21428571428571427,2436.1428571428573,2412.6428571428573,True,Moderate Pressure,2457,-6,0.244798041615657,0.2857142857142857,1.8571428571428572,185.71428571428572,False,False,,False,False,Normal,False,7,2025
2025-12-07,4,24,13,2429,12,2453,1,-0.16280016280015852,0.0,0.42857142857142855,2440.5714285714284,2419.1428571428573,False,Balanced,2453,1,0.16280016280015852,0.0,0.9230769230769231,92.3076923076923,False,False,,False,False,Normal,False,7,2025
2025-12-08,9,27,9,2440,4,2467,5,0.570729718711771,0.5714285714285714,0.9285714285714286,2448.285714285714,2425.5,True,Moderate Pressure,2467,5,0.570729718711771,0.5714285714285714,0.4444444444444444,44.44444444444444,False,False,,False,False,Normal,False,7,2025
2025-12-09,4,30,7,2443,8,2473,-1,0.2432103769760774,-1.0,1.1428571428571428,2454.0,2431.9285714285716,False,Relief,2473,-1,0.2432103769760774,-1.0,1.1428571428571428,114.28571428571428,False,False,,False,True,Normal,False,7,2025
2025-12-10,10,54,5,2439,9,2493,-4,0.8087343307723316,-0.8571428571428571,1.3571428571428572,2462.1428571428573,2440.5714285714284,False,Relief,2493,-4,0.8087343307723316,-0.8571428571428571,1.8,180.0,False,False,,False,True,Normal,False,7,2025
2025-12-11,7,47,9,2437,10,2484,-1,-0.3610108303249149,-0.7142857142857143,1.3571428571428572,2468.285714285714,2446.785714285714,False,Relief,2484,-1,0.3610108303249149,-0.7142857142857143,1.1111111111111112,111.11111111111111,False,False,,False,True,Normal,False,7,2025
2025-12-14,8,35,4,2462,8,2497,-4,0.523349436392917,-1.4285714285714286,-0.42857142857142855,2474.8571428571427,2452.214285714286,False,Relief,2497,-4,0.523349436392917,-1.4285714285714286,2.0,200.0,False,False,,False,True,Normal,False,7,2025
2025-12-15,11,42,9,2470,7,2512,2,0.6007208650380402,-0.2857142857142857,0.0,2482.714285714286,2459.4285714285716,False,Relief,2512,2,0.6007208650380402,-0.2857142857142857,0.7777777777777778,77.77777777777779,False,False,,False,False,Normal,False,7,2025
2025-12-16,8,54,15,2468,9,2522,6,0.398089171974525,0.42857142857142855,0.21428571428571427,2492.5714285714284,2466.5714285714284,True,Moderate Pressure,2522,6,0.398089171974525,0.42857142857142855,0.6,60.0,False,False,,False,False,Normal,False,7,2025
2025-12-17,7,31,11,2481,10,2512,1,-0.3965107057890549,-0.14285714285714285,0.21428571428571427,2499.0,2473.6428571428573,False,Relief,2512,1,0.3965107057890549,-0.14285714285714285,0.9090909090909091,90.9090909090909,False,False,,False,False,Normal,False,7,2025
2025-12-18,11,50,6,2472,16,2522,-10,0.398089171974525,-1.4285714285714286,-1.2142857142857142,2506.0,2480.0,False,Relief,2522,-10,0.398089171974525,-1.4285714285714286,2.6666666666666665,266.66666666666663,False,False,,False,False,Normal,False,7,2025
2025-12-21,6,18,11,2484,14,2502,-3,-0.7930214115781098,-1.2857142857142858,-1.0714285714285714,2507.285714285714,2484.714285714286,False,Relief,2502,-3,0.7930214115781098,-1.2857142857142858,1.2727272727272727,127.27272727272727,False,False,,False,False,Normal,False,7,2025
